2026-05-23 21:13:48,200 [DEBUG   ] Log file: C:\Repos\BlurPictureDetector\output\20260523-203200-100EOSR6\apply.log
2026-05-23 21:13:48,200 [INFO    ] Source      : C:\Users\asing\OneDrive\5. ForShare\EFCB12ECRL\20260131 vs Highline FC\100EOSR6
2026-05-23 21:13:48,200 [INFO    ] Reference   : C:\Repos\BlurPictureDetector\output\20260523-203200-100EOSR6
2026-05-23 21:13:48,200 [INFO    ] Timestamp   : 20260523-203644
2026-05-23 21:13:48,200 [INFO    ] --- Anno_Blur (87 file(s)) ---
2026-05-23 21:13:48,205 [INFO    ]   Moved 20260131-125900-039.JPG                  → C:\Users\asing\OneDrive\5. ForShare\EFCB12ECRL\20260131 vs Highline FC\100EOSR6\Blur
2026-05-23 21:13:48,209 [INFO    ]   Moved 20260131-130151-077.JPG                  → C:\Users\asing\OneDrive\5. ForShare\EFCB12ECRL\20260131 vs Highline FC\100EOSR6\Blur
2026-05-23 21:13:48,212 [INFO    ]   Moved 20260131-130359-057.JPG                  → C:\Users\asing\OneDrive\5. ForShare\EFCB12ECRL\20260131 vs Highline FC\100EOSR6\Blur
2026-05-23 21:13:48,215 [INFO    ]   Moved 20260131-130359-074.JPG                  → C:\Users\asing\OneDrive\5. ForShare\EFCB12ECRL\20260131 vs Highline FC\100EOSR6\Blur
2026-05-23 21:13:48,218 [INFO    ]   Moved 20260131-130405-037.JPG                  → C:\Users\asing\OneDrive\5. ForShare\EFCB12ECRL\20260131 vs Highline FC\100EOSR6\Blur
2026-05-23 21:13:48,221 [INFO    ]   Moved 20260131-130724-021.JPG                  → C:\Users\asing\OneDrive\5. ForShare\EFCB12ECRL\20260131 vs Highline FC\100EOSR6\Blur
2026-05-23 21:13:48,224 [INFO    ]   Moved 20260131-130724-038.JPG                  → C:\Users\asing\OneDrive\5. ForShare\EFCB12ECRL\20260131 vs Highline FC\100EOSR6\Blur
2026-05-23 21:13:48,227 [INFO    ]   Moved 20260131-130908-066.JPG                  → C:\Users\asing\OneDrive\5. ForShare\EFCB12ECRL\20260131 vs Highline FC\100EOSR6\Blur
2026-05-23 21:13:48,230 [INFO    ]   Moved 20260131-130908-081.JPG                  → C:\Users\asing\OneDrive\5. ForShare\EFCB12ECRL\20260131 vs Highline FC\100EOSR6\Blur
2026-05-23 21:13:48,233 [INFO    ]   Moved 20260131-130917-012.JPG                  → C:\Users\asing\OneDrive\5. ForShare\EFCB12ECRL\20260131 vs Highline FC\100EOSR6\Blur
2026-05-23 21:13:48,236 [INFO    ]   Moved 20260131-131138-094.JPG                  → C:\Users\asing\OneDrive\5. ForShare\EFCB12ECRL\20260131 vs Highline FC\100EOSR6\Blur
2026-05-23 21:13:48,239 [INFO    ]   Moved 20260131-131152-009.JPG                  → C:\Users\asing\OneDrive\5. ForShare\EFCB12ECRL\20260131 vs Highline FC\100EOSR6\Blur
2026-05-23 21:13:48,242 [INFO    ]   Moved 20260131-131152-025.JPG                  → C:\Users\asing\OneDrive\5. ForShare\EFCB12ECRL\20260131 vs Highline FC\100EOSR6\Blur
2026-05-23 21:13:48,245 [INFO    ]   Moved 20260131-131207-053.JPG                  → C:\Users\asing\OneDrive\5. ForShare\EFCB12ECRL\20260131 vs Highline FC\100EOSR6\Blur
2026-05-23 21:13:48,249 [INFO    ]   Moved 20260131-131453-039.JPG                  → C:\Users\asing\OneDrive\5. ForShare\EFCB12ECRL\20260131 vs Highline FC\100EOSR6\Blur
2026-05-23 21:13:48,252 [INFO    ]   Moved 20260131-131616-082.JPG                  → C:\Users\asing\OneDrive\5. ForShare\EFCB12ECRL\20260131 vs Highline FC\100EOSR6\Blur
2026-05-23 21:13:48,254 [INFO    ]   Moved 20260131-131641-063.JPG                  → C:\Users\asing\OneDrive\5. ForShare\EFCB12ECRL\20260131 vs Highline FC\100EOSR6\Blur
2026-05-23 21:13:48,257 [INFO    ]   Moved 20260131-131714-038.JPG                  → C:\Users\asing\OneDrive\5. ForShare\EFCB12ECRL\20260131 vs Highline FC\100EOSR6\Blur
2026-05-23 21:13:48,261 [INFO    ]   Moved 20260131-131908-008.JPG                  → C:\Users\asing\OneDrive\5. ForShare\EFCB12ECRL\20260131 vs Highline FC\100EOSR6\Blur
2026-05-23 21:13:48,261 [INFO    ]   Moved 20260131-131952-074.JPG                  → C:\Users\asing\OneDrive\5. ForShare\EFCB12ECRL\20260131 vs Highline FC\100EOSR6\Blur
2026-05-23 21:13:48,267 [INFO    ]   Moved 20260131-131952-091.JPG                  → C:\Users\asing\OneDrive\5. ForShare\EFCB12ECRL\20260131 vs Highline FC\100EOSR6\Blur
2026-05-23 21:13:48,270 [INFO    ]   Moved 20260131-132023-077.JPG                  → C:\Users\asing\OneDrive\5. ForShare\EFCB12ECRL\20260131 vs Highline FC\100EOSR6\Blur
2026-05-23 21:13:48,270 [INFO    ]   Moved 20260131-132023-094.JPG                  → C:\Users\asing\OneDrive\5. ForShare\EFCB12ECRL\20260131 vs Highline FC\100EOSR6\Blur
2026-05-23 21:13:48,276 [INFO    ]   Moved 20260131-132049-000.JPG                  → C:\Users\asing\OneDrive\5. ForShare\EFCB12ECRL\20260131 vs Highline FC\100EOSR6\Blur
2026-05-23 21:13:48,278 [INFO    ]   Moved 20260131-132049-016.JPG                  → C:\Users\asing\OneDrive\5. ForShare\EFCB12ECRL\20260131 vs Highline FC\100EOSR6\Blur
2026-05-23 21:13:48,282 [INFO    ]   Moved 20260131-132114-075.JPG                  → C:\Users\asing\OneDrive\5. ForShare\EFCB12ECRL\20260131 vs Highline FC\100EOSR6\Blur
2026-05-23 21:13:48,285 [INFO    ]   Moved 20260131-132219-048.JPG                  → C:\Users\asing\OneDrive\5. ForShare\EFCB12ECRL\20260131 vs Highline FC\100EOSR6\Blur
2026-05-23 21:13:48,288 [INFO    ]   Moved 20260131-132416-027.JPG                  → C:\Users\asing\OneDrive\5. ForShare\EFCB12ECRL\20260131 vs Highline FC\100EOSR6\Blur
2026-05-23 21:13:48,289 [INFO    ]   Moved 20260131-132559-007.JPG                  → C:\Users\asing\OneDrive\5. ForShare\EFCB12ECRL\20260131 vs Highline FC\100EOSR6\Blur
2026-05-23 21:13:48,294 [INFO    ]   Moved 20260131-132601-016.JPG                  → C:\Users\asing\OneDrive\5. ForShare\EFCB12ECRL\20260131 vs Highline FC\100EOSR6\Blur
2026-05-23 21:13:48,297 [INFO    ]   Moved 20260131-132601-032.JPG                  → C:\Users\asing\OneDrive\5. ForShare\EFCB12ECRL\20260131 vs Highline FC\100EOSR6\Blur
2026-05-23 21:13:48,300 [INFO    ]   Moved 20260131-132601-047.JPG                  → C:\Users\asing\OneDrive\5. ForShare\EFCB12ECRL\20260131 vs Highline FC\100EOSR6\Blur
2026-05-23 21:13:48,303 [INFO    ]   Moved 20260131-132605-040.JPG                  → C:\Users\asing\OneDrive\5. ForShare\EFCB12ECRL\20260131 vs Highline FC\100EOSR6\Blur
2026-05-23 21:13:48,305 [INFO    ]   Moved 20260131-132605-056.JPG                  → C:\Users\asing\OneDrive\5. ForShare\EFCB12ECRL\20260131 vs Highline FC\100EOSR6\Blur
2026-05-23 21:13:48,308 [INFO    ]   Moved 20260131-132710-087.JPG                  → C:\Users\asing\OneDrive\5. ForShare\EFCB12ECRL\20260131 vs Highline FC\100EOSR6\Blur
2026-05-23 21:13:48,312 [INFO    ]   Moved 20260131-132759-064.JPG                  → C:\Users\asing\OneDrive\5. ForShare\EFCB12ECRL\20260131 vs Highline FC\100EOSR6\Blur
2026-05-23 21:13:48,316 [INFO    ]   Moved 20260131-132759-080.JPG                  → C:\Users\asing\OneDrive\5. ForShare\EFCB12ECRL\20260131 vs Highline FC\100EOSR6\Blur
2026-05-23 21:13:48,319 [INFO    ]   Moved 20260131-133329-016.JPG                  → C:\Users\asing\OneDrive\5. ForShare\EFCB12ECRL\20260131 vs Highline FC\100EOSR6\Blur
2026-05-23 21:13:48,321 [INFO    ]   Moved 20260131-133329-031.JPG                  → C:\Users\asing\OneDrive\5. ForShare\EFCB12ECRL\20260131 vs Highline FC\100EOSR6\Blur
2026-05-23 21:13:48,325 [INFO    ]   Moved 20260131-133331-005.JPG                  → C:\Users\asing\OneDrive\5. ForShare\EFCB12ECRL\20260131 vs Highline FC\100EOSR6\Blur
2026-05-23 21:13:48,329 [INFO    ]   Moved 20260131-133331-021.JPG                  → C:\Users\asing\OneDrive\5. ForShare\EFCB12ECRL\20260131 vs Highline FC\100EOSR6\Blur
2026-05-23 21:13:48,332 [INFO    ]   Moved 20260131-133745-063.JPG                  → C:\Users\asing\OneDrive\5. ForShare\EFCB12ECRL\20260131 vs Highline FC\100EOSR6\Blur
2026-05-23 21:13:48,335 [INFO    ]   Moved 20260131-133841-081.JPG                  → C:\Users\asing\OneDrive\5. ForShare\EFCB12ECRL\20260131 vs Highline FC\100EOSR6\Blur
2026-05-23 21:13:48,336 [INFO    ]   Moved 20260131-133842-043.JPG                  → C:\Users\asing\OneDrive\5. ForShare\EFCB12ECRL\20260131 vs Highline FC\100EOSR6\Blur
2026-05-23 21:13:48,341 [INFO    ]   Moved 20260131-133842-058.JPG                  → C:\Users\asing\OneDrive\5. ForShare\EFCB12ECRL\20260131 vs Highline FC\100EOSR6\Blur
2026-05-23 21:13:48,344 [INFO    ]   Moved 20260131-133842-088.JPG                  → C:\Users\asing\OneDrive\5. ForShare\EFCB12ECRL\20260131 vs Highline FC\100EOSR6\Blur
2026-05-23 21:13:48,345 [INFO    ]   Moved 20260131-133843-003.JPG                  → C:\Users\asing\OneDrive\5. ForShare\EFCB12ECRL\20260131 vs Highline FC\100EOSR6\Blur
2026-05-23 21:13:48,351 [INFO    ]   Moved 20260131-134545-094.JPG                  → C:\Users\asing\OneDrive\5. ForShare\EFCB12ECRL\20260131 vs Highline FC\100EOSR6\Blur
2026-05-23 21:13:48,354 [INFO    ]   Moved 20260131-134616-063.JPG                  → C:\Users\asing\OneDrive\5. ForShare\EFCB12ECRL\20260131 vs Highline FC\100EOSR6\Blur
2026-05-23 21:13:48,355 [INFO    ]   Moved 20260131-134616-080.JPG                  → C:\Users\asing\OneDrive\5. ForShare\EFCB12ECRL\20260131 vs Highline FC\100EOSR6\Blur
2026-05-23 21:13:48,360 [INFO    ]   Moved 20260131-134617-004.JPG                  → C:\Users\asing\OneDrive\5. ForShare\EFCB12ECRL\20260131 vs Highline FC\100EOSR6\Blur
2026-05-23 21:13:48,362 [INFO    ]   Moved 20260131-134617-020.JPG                  → C:\Users\asing\OneDrive\5. ForShare\EFCB12ECRL\20260131 vs Highline FC\100EOSR6\Blur
2026-05-23 21:13:48,362 [INFO    ]   Moved 20260131-134617-043.JPG                  → C:\Users\asing\OneDrive\5. ForShare\EFCB12ECRL\20260131 vs Highline FC\100EOSR6\Blur
2026-05-23 21:13:48,368 [INFO    ]   Moved 20260131-134823-007.JPG                  → C:\Users\asing\OneDrive\5. ForShare\EFCB12ECRL\20260131 vs Highline FC\100EOSR6\Blur
2026-05-23 21:13:48,371 [INFO    ]   Moved 20260131-134823-024.JPG                  → C:\Users\asing\OneDrive\5. ForShare\EFCB12ECRL\20260131 vs Highline FC\100EOSR6\Blur
2026-05-23 21:13:48,372 [INFO    ]   Moved 20260131-134823-072.JPG                  → C:\Users\asing\OneDrive\5. ForShare\EFCB12ECRL\20260131 vs Highline FC\100EOSR6\Blur
2026-05-23 21:13:48,378 [INFO    ]   Moved 20260131-134947-047.JPG                  → C:\Users\asing\OneDrive\5. ForShare\EFCB12ECRL\20260131 vs Highline FC\100EOSR6\Blur
2026-05-23 21:13:48,381 [INFO    ]   Moved 20260131-134947-062.JPG                  → C:\Users\asing\OneDrive\5. ForShare\EFCB12ECRL\20260131 vs Highline FC\100EOSR6\Blur
2026-05-23 21:13:48,381 [INFO    ]   Moved 20260131-134947-077.JPG                  → C:\Users\asing\OneDrive\5. ForShare\EFCB12ECRL\20260131 vs Highline FC\100EOSR6\Blur
2026-05-23 21:13:48,387 [INFO    ]   Moved 20260131-134947-092.JPG                  → C:\Users\asing\OneDrive\5. ForShare\EFCB12ECRL\20260131 vs Highline FC\100EOSR6\Blur
2026-05-23 21:13:48,390 [INFO    ]   Moved 20260131-135232-090.JPG                  → C:\Users\asing\OneDrive\5. ForShare\EFCB12ECRL\20260131 vs Highline FC\100EOSR6\Blur
2026-05-23 21:13:48,393 [INFO    ]   Moved 20260131-135332-042.JPG                  → C:\Users\asing\OneDrive\5. ForShare\EFCB12ECRL\20260131 vs Highline FC\100EOSR6\Blur
2026-05-23 21:13:48,397 [INFO    ]   Moved 20260131-135413-000.JPG                  → C:\Users\asing\OneDrive\5. ForShare\EFCB12ECRL\20260131 vs Highline FC\100EOSR6\Blur
2026-05-23 21:13:48,400 [INFO    ]   Moved 20260131-135530-045.JPG                  → C:\Users\asing\OneDrive\5. ForShare\EFCB12ECRL\20260131 vs Highline FC\100EOSR6\Blur
2026-05-23 21:13:48,401 [INFO    ]   Moved 20260131-135537-078.JPG                  → C:\Users\asing\OneDrive\5. ForShare\EFCB12ECRL\20260131 vs Highline FC\100EOSR6\Blur
2026-05-23 21:13:48,406 [INFO    ]   Moved 20260131-135554-057.JPG                  → C:\Users\asing\OneDrive\5. ForShare\EFCB12ECRL\20260131 vs Highline FC\100EOSR6\Blur
2026-05-23 21:13:48,409 [INFO    ]   Moved 20260131-135756-021.JPG                  → C:\Users\asing\OneDrive\5. ForShare\EFCB12ECRL\20260131 vs Highline FC\100EOSR6\Blur
2026-05-23 21:13:48,412 [INFO    ]   Moved 20260131-140330-059.JPG                  → C:\Users\asing\OneDrive\5. ForShare\EFCB12ECRL\20260131 vs Highline FC\100EOSR6\Blur
2026-05-23 21:13:48,416 [INFO    ]   Moved 20260131-140330-075.JPG                  → C:\Users\asing\OneDrive\5. ForShare\EFCB12ECRL\20260131 vs Highline FC\100EOSR6\Blur
2026-05-23 21:13:48,418 [INFO    ]   Moved 20260131-140623-019.JPG                  → C:\Users\asing\OneDrive\5. ForShare\EFCB12ECRL\20260131 vs Highline FC\100EOSR6\Blur
2026-05-23 21:13:48,419 [INFO    ]   Moved 20260131-140745-075.JPG                  → C:\Users\asing\OneDrive\5. ForShare\EFCB12ECRL\20260131 vs Highline FC\100EOSR6\Blur
2026-05-23 21:13:48,424 [INFO    ]   Moved 20260131-140745-091.JPG                  → C:\Users\asing\OneDrive\5. ForShare\EFCB12ECRL\20260131 vs Highline FC\100EOSR6\Blur
2026-05-23 21:13:48,428 [INFO    ]   Moved 20260131-140746-069.JPG                  → C:\Users\asing\OneDrive\5. ForShare\EFCB12ECRL\20260131 vs Highline FC\100EOSR6\Blur
2026-05-23 21:13:48,429 [INFO    ]   Moved 20260131-140933-080.JPG                  → C:\Users\asing\OneDrive\5. ForShare\EFCB12ECRL\20260131 vs Highline FC\100EOSR6\Blur
2026-05-23 21:13:48,434 [INFO    ]   Moved 20260131-140936-087.JPG                  → C:\Users\asing\OneDrive\5. ForShare\EFCB12ECRL\20260131 vs Highline FC\100EOSR6\Blur
2026-05-23 21:13:48,437 [INFO    ]   Moved 20260131-140937-004.JPG                  → C:\Users\asing\OneDrive\5. ForShare\EFCB12ECRL\20260131 vs Highline FC\100EOSR6\Blur
2026-05-23 21:13:48,437 [INFO    ]   Moved 20260131-140938-091.JPG                  → C:\Users\asing\OneDrive\5. ForShare\EFCB12ECRL\20260131 vs Highline FC\100EOSR6\Blur
2026-05-23 21:13:48,443 [INFO    ]   Moved 20260131-140952-062.JPG                  → C:\Users\asing\OneDrive\5. ForShare\EFCB12ECRL\20260131 vs Highline FC\100EOSR6\Blur
2026-05-23 21:13:48,447 [INFO    ]   Moved 20260131-141027-003.JPG                  → C:\Users\asing\OneDrive\5. ForShare\EFCB12ECRL\20260131 vs Highline FC\100EOSR6\Blur
2026-05-23 21:13:48,447 [INFO    ]   Moved 20260131-141041-047.JPG                  → C:\Users\asing\OneDrive\5. ForShare\EFCB12ECRL\20260131 vs Highline FC\100EOSR6\Blur
2026-05-23 21:13:48,453 [INFO    ]   Moved 20260131-141113-003.JPG                  → C:\Users\asing\OneDrive\5. ForShare\EFCB12ECRL\20260131 vs Highline FC\100EOSR6\Blur
2026-05-23 21:13:48,455 [INFO    ]   Moved 20260131-141136-041.JPG                  → C:\Users\asing\OneDrive\5. ForShare\EFCB12ECRL\20260131 vs Highline FC\100EOSR6\Blur
2026-05-23 21:13:48,456 [INFO    ]   Moved 20260131-141136-058.JPG                  → C:\Users\asing\OneDrive\5. ForShare\EFCB12ECRL\20260131 vs Highline FC\100EOSR6\Blur
2026-05-23 21:13:48,462 [INFO    ]   Moved 20260131-141216-075.JPG                  → C:\Users\asing\OneDrive\5. ForShare\EFCB12ECRL\20260131 vs Highline FC\100EOSR6\Blur
2026-05-23 21:13:48,465 [INFO    ]   Moved 20260131-141317-010.JPG                  → C:\Users\asing\OneDrive\5. ForShare\EFCB12ECRL\20260131 vs Highline FC\100EOSR6\Blur
2026-05-23 21:13:48,467 [INFO    ]   Moved 20260131-141408-016.JPG                  → C:\Users\asing\OneDrive\5. ForShare\EFCB12ECRL\20260131 vs Highline FC\100EOSR6\Blur
2026-05-23 21:13:48,471 [INFO    ]   Moved 20260131-141743-031.JPG                  → C:\Users\asing\OneDrive\5. ForShare\EFCB12ECRL\20260131 vs Highline FC\100EOSR6\Blur
2026-05-23 21:13:48,473 [INFO    ] --- Anno_Sharp (693 file(s)) ---
2026-05-23 21:13:48,473 [DEBUG   ]   Confirmed in anno_sharp — leaving in place: 20260131-125924-000.JPG
2026-05-23 21:13:48,474 [DEBUG   ]   Confirmed in anno_sharp — leaving in place: 20260131-125924-016.JPG
2026-05-23 21:13:48,474 [DEBUG   ]   Confirmed in anno_sharp — leaving in place: 20260131-125932-081.JPG
2026-05-23 21:13:48,475 [DEBUG   ]   Confirmed in anno_sharp — leaving in place: 20260131-125935-004.JPG
2026-05-23 21:13:48,475 [DEBUG   ]   Confirmed in anno_sharp — leaving in place: 20260131-125938-082.JPG
2026-05-23 21:13:48,476 [DEBUG   ]   Confirmed in anno_sharp — leaving in place: 20260131-130016-083.JPG
2026-05-23 21:13:48,477 [DEBUG   ]   Confirmed in anno_sharp — leaving in place: 20260131-130017-000.JPG
2026-05-23 21:13:48,478 [DEBUG   ]   Confirmed in anno_sharp — leaving in place: 20260131-130017-015.JPG
2026-05-23 21:13:48,479 [DEBUG   ]   Confirmed in anno_sharp — leaving in place: 20260131-130053-089.JPG
2026-05-23 21:13:48,479 [DEBUG   ]   Confirmed in anno_sharp — leaving in place: 20260131-130054-005.JPG
2026-05-23 21:13:48,479 [DEBUG   ]   Confirmed in anno_sharp — leaving in place: 20260131-130112-092.JPG
2026-05-23 21:13:48,480 [INFO    ]   Not confirmed in anno_sharp — moving to Blur: 20260131-130115-016.JPG
2026-05-23 21:13:48,482 [INFO    ]   Moved 20260131-130115-016.JPG                  → C:\Users\asing\OneDrive\5. ForShare\EFCB12ECRL\20260131 vs Highline FC\100EOSR6\Blur
2026-05-23 21:13:48,483 [DEBUG   ]   Confirmed in anno_sharp — leaving in place: 20260131-130120-065.JPG
2026-05-23 21:13:48,483 [DEBUG   ]   Confirmed in anno_sharp — leaving in place: 20260131-130120-082.JPG
2026-05-23 21:13:48,483 [DEBUG   ]   Confirmed in anno_sharp — leaving in place: 20260131-130120-097.JPG
2026-05-23 21:13:48,483 [DEBUG   ]   Confirmed in anno_sharp — leaving in place: 20260131-130121-012.JPG
2026-05-23 21:13:48,483 [DEBUG   ]   Confirmed in anno_sharp — leaving in place: 20260131-130139-033.JPG
2026-05-23 21:13:48,483 [DEBUG   ]   Confirmed in anno_sharp — leaving in place: 20260131-130142-000.JPG
2026-05-23 21:13:48,483 [DEBUG   ]   Confirmed in anno_sharp — leaving in place: 20260131-130142-016.JPG
2026-05-23 21:13:48,483 [DEBUG   ]   Confirmed in anno_sharp — leaving in place: 20260131-130146-037.JPG
2026-05-23 21:13:48,488 [INFO    ]   Not confirmed in anno_sharp — moving to Blur: 20260131-130151-061.JPG
2026-05-23 21:13:48,489 [INFO    ]   Moved 20260131-130151-061.JPG                  → C:\Users\asing\OneDrive\5. ForShare\EFCB12ECRL\20260131 vs Highline FC\100EOSR6\Blur
2026-05-23 21:13:48,490 [DEBUG   ]   Confirmed in anno_sharp — leaving in place: 20260131-130153-038.JPG
2026-05-23 21:13:48,490 [INFO    ]   Not confirmed in anno_sharp — moving to Blur: 20260131-130153-054.JPG
2026-05-23 21:13:48,494 [INFO    ]   Moved 20260131-130153-054.JPG                  → C:\Users\asing\OneDrive\5. ForShare\EFCB12ECRL\20260131 vs Highline FC\100EOSR6\Blur
2026-05-23 21:13:48,495 [INFO    ]   Not confirmed in anno_sharp — moving to Blur: 20260131-130154-083.JPG
2026-05-23 21:13:48,497 [INFO    ]   Moved 20260131-130154-083.JPG                  → C:\Users\asing\OneDrive\5. ForShare\EFCB12ECRL\20260131 vs Highline FC\100EOSR6\Blur
2026-05-23 21:13:48,498 [DEBUG   ]   Confirmed in anno_sharp — leaving in place: 20260131-130158-037.JPG
2026-05-23 21:13:48,498 [DEBUG   ]   Confirmed in anno_sharp — leaving in place: 20260131-130158-053.JPG
2026-05-23 21:13:48,499 [DEBUG   ]   Confirmed in anno_sharp — leaving in place: 20260131-130158-068.JPG
2026-05-23 21:13:48,499 [DEBUG   ]   Confirmed in anno_sharp — leaving in place: 20260131-130317-025.JPG
2026-05-23 21:13:48,500 [DEBUG   ]   Confirmed in anno_sharp — leaving in place: 20260131-130320-044.JPG
2026-05-23 21:13:48,500 [DEBUG   ]   Confirmed in anno_sharp — leaving in place: 20260131-130330-025.JPG
2026-05-23 21:13:48,501 [DEBUG   ]   Confirmed in anno_sharp — leaving in place: 20260131-130330-041.JPG
2026-05-23 21:13:48,501 [DEBUG   ]   Confirmed in anno_sharp — leaving in place: 20260131-130330-057.JPG
2026-05-23 21:13:48,502 [DEBUG   ]   Confirmed in anno_sharp — leaving in place: 20260131-130330-072.JPG
2026-05-23 21:13:48,502 [DEBUG   ]   Confirmed in anno_sharp — leaving in place: 20260131-130330-087.JPG
2026-05-23 21:13:48,503 [DEBUG   ]   Confirmed in anno_sharp — leaving in place: 20260131-130350-058.JPG
2026-05-23 21:13:48,503 [DEBUG   ]   Confirmed in anno_sharp — leaving in place: 20260131-130350-075.JPG
2026-05-23 21:13:48,504 [DEBUG   ]   Confirmed in anno_sharp — leaving in place: 20260131-130351-025.JPG
2026-05-23 21:13:48,504 [DEBUG   ]   Confirmed in anno_sharp — leaving in place: 20260131-130351-041.JPG
2026-05-23 21:13:48,505 [DEBUG   ]   Confirmed in anno_sharp — leaving in place: 20260131-130352-091.JPG
2026-05-23 21:13:48,505 [DEBUG   ]   Confirmed in anno_sharp — leaving in place: 20260131-130353-007.JPG
2026-05-23 21:13:48,506 [DEBUG   ]   Confirmed in anno_sharp — leaving in place: 20260131-130354-057.JPG
2026-05-23 21:13:48,507 [DEBUG   ]   Confirmed in anno_sharp — leaving in place: 20260131-130354-074.JPG
2026-05-23 21:13:48,507 [DEBUG   ]   Confirmed in anno_sharp — leaving in place: 20260131-130355-022.JPG
2026-05-23 21:13:48,508 [DEBUG   ]   Confirmed in anno_sharp — leaving in place: 20260131-130355-039.JPG
2026-05-23 21:13:48,508 [DEBUG   ]   Confirmed in anno_sharp — leaving in place: 20260131-130400-046.JPG
2026-05-23 21:13:48,509 [DEBUG   ]   Confirmed in anno_sharp — leaving in place: 20260131-130405-005.JPG
2026-05-23 21:13:48,511 [INFO    ]   Not confirmed in anno_sharp — moving to Blur: 20260131-130405-021.JPG
2026-05-23 21:13:48,513 [INFO    ]   Moved 20260131-130405-021.JPG                  → C:\Users\asing\OneDrive\5. ForShare\EFCB12ECRL\20260131 vs Highline FC\100EOSR6\Blur
2026-05-23 21:13:48,513 [DEBUG   ]   Confirmed in anno_sharp — leaving in place: 20260131-130527-061.JPG
2026-05-23 21:13:48,513 [DEBUG   ]   Confirmed in anno_sharp — leaving in place: 20260131-130527-078.JPG
2026-05-23 21:13:48,516 [DEBUG   ]   Confirmed in anno_sharp — leaving in place: 20260131-130527-093.JPG
2026-05-23 21:13:48,517 [DEBUG   ]   Confirmed in anno_sharp — leaving in place: 20260131-130528-008.JPG
2026-05-23 21:13:48,517 [DEBUG   ]   Confirmed in anno_sharp — leaving in place: 20260131-130530-004.JPG
2026-05-23 21:13:48,518 [DEBUG   ]   Confirmed in anno_sharp — leaving in place: 20260131-130530-067.JPG
2026-05-23 21:13:48,518 [DEBUG   ]   Confirmed in anno_sharp — leaving in place: 20260131-130530-083.JPG
2026-05-23 21:13:48,518 [DEBUG   ]   Confirmed in anno_sharp — leaving in place: 20260131-130537-059.JPG
2026-05-23 21:13:48,519 [DEBUG   ]   Confirmed in anno_sharp — leaving in place: 20260131-130537-075.JPG
2026-05-23 21:13:48,519 [DEBUG   ]   Confirmed in anno_sharp — leaving in place: 20260131-130601-051.JPG
2026-05-23 21:13:48,519 [DEBUG   ]   Confirmed in anno_sharp — leaving in place: 20260131-130618-000.JPG
2026-05-23 21:13:48,519 [INFO    ]   Not confirmed in anno_sharp — moving to Blur: 20260131-130618-016.JPG
2026-05-23 21:13:48,519 [INFO    ]   Moved 20260131-130618-016.JPG                  → C:\Users\asing\OneDrive\5. ForShare\EFCB12ECRL\20260131 vs Highline FC\100EOSR6\Blur
2026-05-23 21:13:48,519 [INFO    ]   Not confirmed in anno_sharp — moving to Blur: 20260131-130618-031.JPG
2026-05-23 21:13:48,526 [INFO    ]   Moved 20260131-130618-031.JPG                  → C:\Users\asing\OneDrive\5. ForShare\EFCB12ECRL\20260131 vs Highline FC\100EOSR6\Blur
2026-05-23 21:13:48,527 [DEBUG   ]   Confirmed in anno_sharp — leaving in place: 20260131-130631-019.JPG
2026-05-23 21:13:48,528 [DEBUG   ]   Confirmed in anno_sharp — leaving in place: 20260131-130631-035.JPG
2026-05-23 21:13:48,528 [DEBUG   ]   Confirmed in anno_sharp — leaving in place: 20260131-130631-059.JPG
2026-05-23 21:13:48,529 [INFO    ]   Not confirmed in anno_sharp — moving to Blur: 20260131-130631-075.JPG
2026-05-23 21:13:48,532 [INFO    ]   Moved 20260131-130631-075.JPG                  → C:\Users\asing\OneDrive\5. ForShare\EFCB12ECRL\20260131 vs Highline FC\100EOSR6\Blur
2026-05-23 21:13:48,532 [DEBUG   ]   Confirmed in anno_sharp — leaving in place: 20260131-130652-073.JPG
2026-05-23 21:13:48,534 [DEBUG   ]   Confirmed in anno_sharp — leaving in place: 20260131-130652-089.JPG
2026-05-23 21:13:48,534 [DEBUG   ]   Confirmed in anno_sharp — leaving in place: 20260131-130653-004.JPG
2026-05-23 21:13:48,535 [DEBUG   ]   Confirmed in anno_sharp — leaving in place: 20260131-130654-075.JPG
2026-05-23 21:13:48,535 [DEBUG   ]   Confirmed in anno_sharp — leaving in place: 20260131-130654-091.JPG
2026-05-23 21:13:48,536 [DEBUG   ]   Confirmed in anno_sharp — leaving in place: 20260131-130655-006.JPG
2026-05-23 21:13:48,536 [DEBUG   ]   Confirmed in anno_sharp — leaving in place: 20260131-130720-014.JPG
2026-05-23 21:13:48,537 [DEBUG   ]   Confirmed in anno_sharp — leaving in place: 20260131-130720-031.JPG
2026-05-23 21:13:48,537 [INFO    ]   Not confirmed in anno_sharp — moving to Blur: 20260131-130720-046.JPG
2026-05-23 21:13:48,540 [INFO    ]   Moved 20260131-130720-046.JPG                  → C:\Users\asing\OneDrive\5. ForShare\EFCB12ECRL\20260131 vs Highline FC\100EOSR6\Blur
2026-05-23 21:13:48,540 [DEBUG   ]   Confirmed in anno_sharp — leaving in place: 20260131-130720-061.JPG
2026-05-23 21:13:48,540 [DEBUG   ]   Confirmed in anno_sharp — leaving in place: 20260131-130720-076.JPG
2026-05-23 21:13:48,542 [DEBUG   ]   Confirmed in anno_sharp — leaving in place: 20260131-130720-092.JPG
2026-05-23 21:13:48,542 [DEBUG   ]   Confirmed in anno_sharp — leaving in place: 20260131-130721-071.JPG
2026-05-23 21:13:48,543 [DEBUG   ]   Confirmed in anno_sharp — leaving in place: 20260131-130721-087.JPG
2026-05-23 21:13:48,544 [INFO    ]   Not confirmed in anno_sharp — moving to Blur: 20260131-130724-053.JPG
2026-05-23 21:13:48,546 [INFO    ]   Moved 20260131-130724-053.JPG                  → C:\Users\asing\OneDrive\5. ForShare\EFCB12ECRL\20260131 vs Highline FC\100EOSR6\Blur
2026-05-23 21:13:48,546 [INFO    ]   Not confirmed in anno_sharp — moving to Blur: 20260131-130750-067.JPG
2026-05-23 21:13:48,550 [INFO    ]   Moved 20260131-130750-067.JPG                  → C:\Users\asing\OneDrive\5. ForShare\EFCB12ECRL\20260131 vs Highline FC\100EOSR6\Blur
2026-05-23 21:13:48,551 [DEBUG   ]   Confirmed in anno_sharp — leaving in place: 20260131-130812-059.JPG
2026-05-23 21:13:48,551 [DEBUG   ]   Confirmed in anno_sharp — leaving in place: 20260131-130812-076.JPG
2026-05-23 21:13:48,552 [DEBUG   ]   Confirmed in anno_sharp — leaving in place: 20260131-130812-091.JPG
2026-05-23 21:13:48,552 [DEBUG   ]   Confirmed in anno_sharp — leaving in place: 20260131-130813-006.JPG
2026-05-23 21:13:48,553 [DEBUG   ]   Confirmed in anno_sharp — leaving in place: 20260131-130813-021.JPG
2026-05-23 21:13:48,553 [DEBUG   ]   Confirmed in anno_sharp — leaving in place: 20260131-130813-036.JPG
2026-05-23 21:13:48,553 [DEBUG   ]   Confirmed in anno_sharp — leaving in place: 20260131-130813-052.JPG
2026-05-23 21:13:48,555 [DEBUG   ]   Confirmed in anno_sharp — leaving in place: 20260131-130838-006.JPG
2026-05-23 21:13:48,555 [DEBUG   ]   Confirmed in anno_sharp — leaving in place: 20260131-130838-022.JPG
2026-05-23 21:13:48,555 [DEBUG   ]   Confirmed in anno_sharp — leaving in place: 20260131-130838-038.JPG
2026-05-23 21:13:48,556 [DEBUG   ]   Confirmed in anno_sharp — leaving in place: 20260131-130856-067.JPG
2026-05-23 21:13:48,556 [DEBUG   ]   Confirmed in anno_sharp — leaving in place: 20260131-130856-083.JPG
2026-05-23 21:13:48,557 [DEBUG   ]   Confirmed in anno_sharp — leaving in place: 20260131-130902-020.JPG
2026-05-23 21:13:48,557 [DEBUG   ]   Confirmed in anno_sharp — leaving in place: 20260131-130902-036.JPG
2026-05-23 21:13:48,558 [DEBUG   ]   Confirmed in anno_sharp — leaving in place: 20260131-130902-051.JPG
2026-05-23 21:13:48,558 [DEBUG   ]   Confirmed in anno_sharp — leaving in place: 20260131-130902-067.JPG
2026-05-23 21:13:48,559 [DEBUG   ]   Confirmed in anno_sharp — leaving in place: 20260131-130902-082.JPG
2026-05-23 21:13:48,559 [DEBUG   ]   Confirmed in anno_sharp — leaving in place: 20260131-130902-097.JPG
2026-05-23 21:13:48,560 [DEBUG   ]   Confirmed in anno_sharp — leaving in place: 20260131-130903-012.JPG
2026-05-23 21:13:48,560 [DEBUG   ]   Confirmed in anno_sharp — leaving in place: 20260131-130906-038.JPG
2026-05-23 21:13:48,561 [DEBUG   ]   Confirmed in anno_sharp — leaving in place: 20260131-130906-055.JPG
2026-05-23 21:13:48,561 [DEBUG   ]   Confirmed in anno_sharp — leaving in place: 20260131-130906-070.JPG
2026-05-23 21:13:48,562 [DEBUG   ]   Confirmed in anno_sharp — leaving in place: 20260131-130906-085.JPG
2026-05-23 21:13:48,563 [DEBUG   ]   Confirmed in anno_sharp — leaving in place: 20260131-130907-000.JPG
2026-05-23 21:13:48,563 [DEBUG   ]   Confirmed in anno_sharp — leaving in place: 20260131-130907-016.JPG
2026-05-23 21:13:48,564 [DEBUG   ]   Confirmed in anno_sharp — leaving in place: 20260131-130908-050.JPG
2026-05-23 21:13:48,565 [INFO    ]   Not confirmed in anno_sharp — moving to Blur: 20260131-130916-011.JPG
2026-05-23 21:13:48,567 [INFO    ]   Moved 20260131-130916-011.JPG                  → C:\Users\asing\OneDrive\5. ForShare\EFCB12ECRL\20260131 vs Highline FC\100EOSR6\Blur
2026-05-23 21:13:48,568 [INFO    ]   Not confirmed in anno_sharp — moving to Blur: 20260131-130916-027.JPG
2026-05-23 21:13:48,570 [INFO    ]   Moved 20260131-130916-027.JPG                  → C:\Users\asing\OneDrive\5. ForShare\EFCB12ECRL\20260131 vs Highline FC\100EOSR6\Blur
2026-05-23 21:13:48,570 [INFO    ]   Not confirmed in anno_sharp — moving to Blur: 20260131-130916-043.JPG
2026-05-23 21:13:48,573 [INFO    ]   Moved 20260131-130916-043.JPG                  → C:\Users\asing\OneDrive\5. ForShare\EFCB12ECRL\20260131 vs Highline FC\100EOSR6\Blur
2026-05-23 21:13:48,574 [INFO    ]   Not confirmed in anno_sharp — moving to Blur: 20260131-130916-058.JPG
2026-05-23 21:13:48,577 [INFO    ]   Moved 20260131-130916-058.JPG                  → C:\Users\asing\OneDrive\5. ForShare\EFCB12ECRL\20260131 vs Highline FC\100EOSR6\Blur
2026-05-23 21:13:48,578 [DEBUG   ]   Confirmed in anno_sharp — leaving in place: 20260131-130917-029.JPG
2026-05-23 21:13:48,579 [DEBUG   ]   Confirmed in anno_sharp — leaving in place: 20260131-130917-044.JPG
2026-05-23 21:13:48,580 [DEBUG   ]   Confirmed in anno_sharp — leaving in place: 20260131-131047-000.JPG
2026-05-23 21:13:48,580 [DEBUG   ]   Confirmed in anno_sharp — leaving in place: 20260131-131047-017.JPG
2026-05-23 21:13:48,581 [DEBUG   ]   Confirmed in anno_sharp — leaving in place: 20260131-131047-032.JPG
2026-05-23 21:13:48,581 [DEBUG   ]   Confirmed in anno_sharp — leaving in place: 20260131-131047-047.JPG
2026-05-23 21:13:48,582 [DEBUG   ]   Confirmed in anno_sharp — leaving in place: 20260131-131047-062.JPG
2026-05-23 21:13:48,582 [INFO    ]   Not confirmed in anno_sharp — moving to Blur: 20260131-131047-077.JPG
2026-05-23 21:13:48,712 [INFO    ]   Moved 20260131-131047-077.JPG                  → C:\Users\asing\OneDrive\5. ForShare\EFCB12ECRL\20260131 vs Highline FC\100EOSR6\Blur
2026-05-23 21:13:48,717 [DEBUG   ]   Confirmed in anno_sharp — leaving in place: 20260131-131047-092.JPG
2026-05-23 21:13:48,718 [DEBUG   ]   Confirmed in anno_sharp — leaving in place: 20260131-131134-000.JPG
2026-05-23 21:13:48,719 [DEBUG   ]   Confirmed in anno_sharp — leaving in place: 20260131-131134-016.JPG
2026-05-23 21:13:48,721 [DEBUG   ]   Confirmed in anno_sharp — leaving in place: 20260131-131203-078.JPG
2026-05-23 21:13:48,722 [DEBUG   ]   Confirmed in anno_sharp — leaving in place: 20260131-131203-095.JPG
2026-05-23 21:13:48,722 [DEBUG   ]   Confirmed in anno_sharp — leaving in place: 20260131-131207-037.JPG
2026-05-23 21:13:48,723 [DEBUG   ]   Confirmed in anno_sharp — leaving in place: 20260131-131343-000.JPG
2026-05-23 21:13:48,724 [DEBUG   ]   Confirmed in anno_sharp — leaving in place: 20260131-131347-096.JPG
2026-05-23 21:13:48,724 [DEBUG   ]   Confirmed in anno_sharp — leaving in place: 20260131-131348-013.JPG
2026-05-23 21:13:48,725 [DEBUG   ]   Confirmed in anno_sharp — leaving in place: 20260131-131412-027.JPG
2026-05-23 21:13:48,725 [DEBUG   ]   Confirmed in anno_sharp — leaving in place: 20260131-131412-043.JPG
2026-05-23 21:13:48,726 [DEBUG   ]   Confirmed in anno_sharp — leaving in place: 20260131-131413-006.JPG
2026-05-23 21:13:48,727 [DEBUG   ]   Confirmed in anno_sharp — leaving in place: 20260131-131423-012.JPG
2026-05-23 21:13:48,728 [DEBUG   ]   Confirmed in anno_sharp — leaving in place: 20260131-131452-092.JPG
2026-05-23 21:13:48,728 [DEBUG   ]   Confirmed in anno_sharp — leaving in place: 20260131-131453-008.JPG
2026-05-23 21:13:48,729 [INFO    ]   Not confirmed in anno_sharp — moving to Blur: 20260131-131453-024.JPG
2026-05-23 21:13:48,732 [INFO    ]   Moved 20260131-131453-024.JPG                  → C:\Users\asing\OneDrive\5. ForShare\EFCB12ECRL\20260131 vs Highline FC\100EOSR6\Blur
2026-05-23 21:13:48,733 [INFO    ]   Not confirmed in anno_sharp — moving to Blur: 20260131-131453-054.JPG
2026-05-23 21:13:48,736 [INFO    ]   Moved 20260131-131453-054.JPG                  → C:\Users\asing\OneDrive\5. ForShare\EFCB12ECRL\20260131 vs Highline FC\100EOSR6\Blur
2026-05-23 21:13:48,736 [DEBUG   ]   Confirmed in anno_sharp — leaving in place: 20260131-131459-045.JPG
2026-05-23 21:13:48,737 [DEBUG   ]   Confirmed in anno_sharp — leaving in place: 20260131-131459-062.JPG
2026-05-23 21:13:48,738 [DEBUG   ]   Confirmed in anno_sharp — leaving in place: 20260131-131511-038.JPG
2026-05-23 21:13:48,738 [DEBUG   ]   Confirmed in anno_sharp — leaving in place: 20260131-131511-054.JPG
2026-05-23 21:13:48,739 [DEBUG   ]   Confirmed in anno_sharp — leaving in place: 20260131-131511-069.JPG
2026-05-23 21:13:48,739 [DEBUG   ]   Confirmed in anno_sharp — leaving in place: 20260131-131511-085.JPG
2026-05-23 21:13:48,740 [DEBUG   ]   Confirmed in anno_sharp — leaving in place: 20260131-131512-000.JPG
2026-05-23 21:13:48,741 [DEBUG   ]   Confirmed in anno_sharp — leaving in place: 20260131-131533-001.JPG
2026-05-23 21:13:48,746 [DEBUG   ]   Confirmed in anno_sharp — leaving in place: 20260131-131533-065.JPG
2026-05-23 21:13:48,747 [DEBUG   ]   Confirmed in anno_sharp — leaving in place: 20260131-131535-069.JPG
2026-05-23 21:13:48,748 [DEBUG   ]   Confirmed in anno_sharp — leaving in place: 20260131-131535-085.JPG
2026-05-23 21:13:48,750 [DEBUG   ]   Confirmed in anno_sharp — leaving in place: 20260131-131536-042.JPG
2026-05-23 21:13:48,752 [DEBUG   ]   Confirmed in anno_sharp — leaving in place: 20260131-131536-059.JPG
2026-05-23 21:13:48,753 [DEBUG   ]   Confirmed in anno_sharp — leaving in place: 20260131-131536-074.JPG
2026-05-23 21:13:48,755 [DEBUG   ]   Confirmed in anno_sharp — leaving in place: 20260131-131536-089.JPG
2026-05-23 21:13:48,755 [DEBUG   ]   Confirmed in anno_sharp — leaving in place: 20260131-131537-004.JPG
2026-05-23 21:13:48,755 [DEBUG   ]   Confirmed in anno_sharp — leaving in place: 20260131-131537-019.JPG
2026-05-23 21:13:48,757 [DEBUG   ]   Confirmed in anno_sharp — leaving in place: 20260131-131543-049.JPG
2026-05-23 21:13:48,758 [DEBUG   ]   Confirmed in anno_sharp — leaving in place: 20260131-131543-066.JPG
2026-05-23 21:13:48,758 [DEBUG   ]   Confirmed in anno_sharp — leaving in place: 20260131-131543-081.JPG
2026-05-23 21:13:48,759 [DEBUG   ]   Confirmed in anno_sharp — leaving in place: 20260131-131545-017.JPG
2026-05-23 21:13:48,760 [DEBUG   ]   Confirmed in anno_sharp — leaving in place: 20260131-131545-033.JPG
2026-05-23 21:13:48,761 [DEBUG   ]   Confirmed in anno_sharp — leaving in place: 20260131-131545-048.JPG
2026-05-23 21:13:48,761 [DEBUG   ]   Confirmed in anno_sharp — leaving in place: 20260131-131546-043.JPG
2026-05-23 21:13:48,762 [DEBUG   ]   Confirmed in anno_sharp — leaving in place: 20260131-131546-060.JPG
2026-05-23 21:13:48,762 [DEBUG   ]   Confirmed in anno_sharp — leaving in place: 20260131-131546-075.JPG
2026-05-23 21:13:48,763 [DEBUG   ]   Confirmed in anno_sharp — leaving in place: 20260131-131546-090.JPG
2026-05-23 21:13:48,763 [DEBUG   ]   Confirmed in anno_sharp — leaving in place: 20260131-131547-005.JPG
2026-05-23 21:13:48,764 [DEBUG   ]   Confirmed in anno_sharp — leaving in place: 20260131-131547-020.JPG
2026-05-23 21:13:48,764 [DEBUG   ]   Confirmed in anno_sharp — leaving in place: 20260131-131612-047.JPG
2026-05-23 21:13:48,765 [DEBUG   ]   Confirmed in anno_sharp — leaving in place: 20260131-131616-020.JPG
2026-05-23 21:13:48,765 [DEBUG   ]   Confirmed in anno_sharp — leaving in place: 20260131-131616-036.JPG
2026-05-23 21:13:48,766 [DEBUG   ]   Confirmed in anno_sharp — leaving in place: 20260131-131616-051.JPG
2026-05-23 21:13:48,766 [DEBUG   ]   Confirmed in anno_sharp — leaving in place: 20260131-131616-066.JPG
2026-05-23 21:13:48,767 [DEBUG   ]   Confirmed in anno_sharp — leaving in place: 20260131-131641-047.JPG
2026-05-23 21:13:48,767 [DEBUG   ]   Confirmed in anno_sharp — leaving in place: 20260131-131702-037.JPG
2026-05-23 21:13:48,768 [DEBUG   ]   Confirmed in anno_sharp — leaving in place: 20260131-131702-053.JPG
2026-05-23 21:13:48,769 [DEBUG   ]   Confirmed in anno_sharp — leaving in place: 20260131-131702-068.JPG
2026-05-23 21:13:48,769 [DEBUG   ]   Confirmed in anno_sharp — leaving in place: 20260131-131702-084.JPG
2026-05-23 21:13:48,770 [DEBUG   ]   Confirmed in anno_sharp — leaving in place: 20260131-131702-099.JPG
2026-05-23 21:13:48,770 [DEBUG   ]   Confirmed in anno_sharp — leaving in place: 20260131-131703-014.JPG
2026-05-23 21:13:48,771 [DEBUG   ]   Confirmed in anno_sharp — leaving in place: 20260131-131703-029.JPG
2026-05-23 21:13:48,772 [DEBUG   ]   Confirmed in anno_sharp — leaving in place: 20260131-131703-044.JPG
2026-05-23 21:13:48,772 [INFO    ]   Not confirmed in anno_sharp — moving to Blur: 20260131-131714-022.JPG
2026-05-23 21:13:48,774 [INFO    ]   Moved 20260131-131714-022.JPG                  → C:\Users\asing\OneDrive\5. ForShare\EFCB12ECRL\20260131 vs Highline FC\100EOSR6\Blur
2026-05-23 21:13:48,774 [DEBUG   ]   Confirmed in anno_sharp — leaving in place: 20260131-131717-059.JPG
2026-05-23 21:13:48,774 [DEBUG   ]   Confirmed in anno_sharp — leaving in place: 20260131-131717-076.JPG
2026-05-23 21:13:48,777 [DEBUG   ]   Confirmed in anno_sharp — leaving in place: 20260131-131717-091.JPG
2026-05-23 21:13:48,777 [DEBUG   ]   Confirmed in anno_sharp — leaving in place: 20260131-131718-057.JPG
2026-05-23 21:13:48,777 [DEBUG   ]   Confirmed in anno_sharp — leaving in place: 20260131-131718-074.JPG
2026-05-23 21:13:48,779 [DEBUG   ]   Confirmed in anno_sharp — leaving in place: 20260131-131718-089.JPG
2026-05-23 21:13:48,779 [DEBUG   ]   Confirmed in anno_sharp — leaving in place: 20260131-131719-004.JPG
2026-05-23 21:13:48,779 [INFO    ]   Not confirmed in anno_sharp — moving to Blur: 20260131-131719-019.JPG
2026-05-23 21:13:48,783 [INFO    ]   Moved 20260131-131719-019.JPG                  → C:\Users\asing\OneDrive\5. ForShare\EFCB12ECRL\20260131 vs Highline FC\100EOSR6\Blur
2026-05-23 21:13:48,783 [DEBUG   ]   Confirmed in anno_sharp — leaving in place: 20260131-131720-049.JPG
2026-05-23 21:13:48,784 [DEBUG   ]   Confirmed in anno_sharp — leaving in place: 20260131-131720-065.JPG
2026-05-23 21:13:48,784 [DEBUG   ]   Confirmed in anno_sharp — leaving in place: 20260131-131720-080.JPG
2026-05-23 21:13:48,785 [INFO    ]   Not confirmed in anno_sharp — moving to Blur: 20260131-131720-095.JPG
2026-05-23 21:13:48,787 [INFO    ]   Moved 20260131-131720-095.JPG                  → C:\Users\asing\OneDrive\5. ForShare\EFCB12ECRL\20260131 vs Highline FC\100EOSR6\Blur
2026-05-23 21:13:48,788 [DEBUG   ]   Confirmed in anno_sharp — leaving in place: 20260131-131722-093.JPG
2026-05-23 21:13:48,789 [DEBUG   ]   Confirmed in anno_sharp — leaving in place: 20260131-131723-009.JPG
2026-05-23 21:13:48,789 [DEBUG   ]   Confirmed in anno_sharp — leaving in place: 20260131-131723-024.JPG
2026-05-23 21:13:48,789 [DEBUG   ]   Confirmed in anno_sharp — leaving in place: 20260131-131723-040.JPG
2026-05-23 21:13:48,790 [DEBUG   ]   Confirmed in anno_sharp — leaving in place: 20260131-131723-055.JPG
2026-05-23 21:13:48,790 [INFO    ]   Not confirmed in anno_sharp — moving to Blur: 20260131-131740-036.JPG
2026-05-23 21:13:48,793 [INFO    ]   Moved 20260131-131740-036.JPG                  → C:\Users\asing\OneDrive\5. ForShare\EFCB12ECRL\20260131 vs Highline FC\100EOSR6\Blur
2026-05-23 21:13:48,794 [DEBUG   ]   Confirmed in anno_sharp — leaving in place: 20260131-131851-001.JPG
2026-05-23 21:13:48,796 [DEBUG   ]   Confirmed in anno_sharp — leaving in place: 20260131-131851-017.JPG
2026-05-23 21:13:48,796 [DEBUG   ]   Confirmed in anno_sharp — leaving in place: 20260131-131851-032.JPG
2026-05-23 21:13:48,797 [DEBUG   ]   Confirmed in anno_sharp — leaving in place: 20260131-131851-047.JPG
2026-05-23 21:13:48,797 [DEBUG   ]   Confirmed in anno_sharp — leaving in place: 20260131-131907-092.JPG
2026-05-23 21:13:48,798 [DEBUG   ]   Confirmed in anno_sharp — leaving in place: 20260131-131922-056.JPG
2026-05-23 21:13:48,798 [DEBUG   ]   Confirmed in anno_sharp — leaving in place: 20260131-131922-072.JPG
2026-05-23 21:13:48,799 [INFO    ]   Not confirmed in anno_sharp — moving to Blur: 20260131-131931-008.JPG
2026-05-23 21:13:48,801 [INFO    ]   Moved 20260131-131931-008.JPG                  → C:\Users\asing\OneDrive\5. ForShare\EFCB12ECRL\20260131 vs Highline FC\100EOSR6\Blur
2026-05-23 21:13:48,801 [INFO    ]   Not confirmed in anno_sharp — moving to Blur: 20260131-131931-024.JPG
2026-05-23 21:13:48,804 [INFO    ]   Moved 20260131-131931-024.JPG                  → C:\Users\asing\OneDrive\5. ForShare\EFCB12ECRL\20260131 vs Highline FC\100EOSR6\Blur
2026-05-23 21:13:48,804 [INFO    ]   Not confirmed in anno_sharp — moving to Blur: 20260131-131931-096.JPG
2026-05-23 21:13:48,807 [INFO    ]   Moved 20260131-131931-096.JPG                  → C:\Users\asing\OneDrive\5. ForShare\EFCB12ECRL\20260131 vs Highline FC\100EOSR6\Blur
2026-05-23 21:13:48,808 [DEBUG   ]   Confirmed in anno_sharp — leaving in place: 20260131-131932-013.JPG
2026-05-23 21:13:48,809 [DEBUG   ]   Confirmed in anno_sharp — leaving in place: 20260131-131948-071.JPG
2026-05-23 21:13:48,809 [DEBUG   ]   Confirmed in anno_sharp — leaving in place: 20260131-131948-087.JPG
2026-05-23 21:13:48,810 [DEBUG   ]   Confirmed in anno_sharp — leaving in place: 20260131-131957-038.JPG
2026-05-23 21:13:48,811 [DEBUG   ]   Confirmed in anno_sharp — leaving in place: 20260131-131957-054.JPG
2026-05-23 21:13:48,811 [DEBUG   ]   Confirmed in anno_sharp — leaving in place: 20260131-131959-043.JPG
2026-05-23 21:13:48,812 [DEBUG   ]   Confirmed in anno_sharp — leaving in place: 20260131-131959-060.JPG
2026-05-23 21:13:48,812 [DEBUG   ]   Confirmed in anno_sharp — leaving in place: 20260131-132000-035.JPG
2026-05-23 21:13:48,813 [DEBUG   ]   Confirmed in anno_sharp — leaving in place: 20260131-132000-051.JPG
2026-05-23 21:13:48,814 [DEBUG   ]   Confirmed in anno_sharp — leaving in place: 20260131-132002-054.JPG
2026-05-23 21:13:48,814 [DEBUG   ]   Confirmed in anno_sharp — leaving in place: 20260131-132002-070.JPG
2026-05-23 21:13:48,815 [DEBUG   ]   Confirmed in anno_sharp — leaving in place: 20260131-132014-025.JPG
2026-05-23 21:13:48,816 [DEBUG   ]   Confirmed in anno_sharp — leaving in place: 20260131-132014-041.JPG
2026-05-23 21:13:48,816 [DEBUG   ]   Confirmed in anno_sharp — leaving in place: 20260131-132017-013.JPG
2026-05-23 21:13:48,817 [DEBUG   ]   Confirmed in anno_sharp — leaving in place: 20260131-132017-029.JPG
2026-05-23 21:13:48,817 [DEBUG   ]   Confirmed in anno_sharp — leaving in place: 20260131-132017-044.JPG
2026-05-23 21:13:48,818 [DEBUG   ]   Confirmed in anno_sharp — leaving in place: 20260131-132017-060.JPG
2026-05-23 21:13:48,818 [DEBUG   ]   Confirmed in anno_sharp — leaving in place: 20260131-132052-049.JPG
2026-05-23 21:13:48,819 [DEBUG   ]   Confirmed in anno_sharp — leaving in place: 20260131-132052-066.JPG
2026-05-23 21:13:48,819 [DEBUG   ]   Confirmed in anno_sharp — leaving in place: 20260131-132052-081.JPG
2026-05-23 21:13:48,820 [DEBUG   ]   Confirmed in anno_sharp — leaving in place: 20260131-132052-096.JPG
2026-05-23 21:13:48,820 [DEBUG   ]   Confirmed in anno_sharp — leaving in place: 20260131-132054-086.JPG
2026-05-23 21:13:48,820 [DEBUG   ]   Confirmed in anno_sharp — leaving in place: 20260131-132055-002.JPG
2026-05-23 21:13:48,820 [DEBUG   ]   Confirmed in anno_sharp — leaving in place: 20260131-132055-017.JPG
2026-05-23 21:13:48,820 [DEBUG   ]   Confirmed in anno_sharp — leaving in place: 20260131-132055-032.JPG
2026-05-23 21:13:48,820 [DEBUG   ]   Confirmed in anno_sharp — leaving in place: 20260131-132055-047.JPG
2026-05-23 21:13:48,820 [DEBUG   ]   Confirmed in anno_sharp — leaving in place: 20260131-132055-063.JPG
2026-05-23 21:13:48,820 [DEBUG   ]   Confirmed in anno_sharp — leaving in place: 20260131-132108-076.JPG
2026-05-23 21:13:48,824 [DEBUG   ]   Confirmed in anno_sharp — leaving in place: 20260131-132108-092.JPG
2026-05-23 21:13:48,824 [DEBUG   ]   Confirmed in anno_sharp — leaving in place: 20260131-132114-043.JPG
2026-05-23 21:13:48,824 [DEBUG   ]   Confirmed in anno_sharp — leaving in place: 20260131-132114-059.JPG
2026-05-23 21:13:48,825 [DEBUG   ]   Confirmed in anno_sharp — leaving in place: 20260131-132114-090.JPG
2026-05-23 21:13:48,826 [DEBUG   ]   Confirmed in anno_sharp — leaving in place: 20260131-132159-000.JPG
2026-05-23 21:13:48,826 [DEBUG   ]   Confirmed in anno_sharp — leaving in place: 20260131-132159-016.JPG
2026-05-23 21:13:48,827 [DEBUG   ]   Confirmed in anno_sharp — leaving in place: 20260131-132200-000.JPG
2026-05-23 21:13:48,828 [DEBUG   ]   Confirmed in anno_sharp — leaving in place: 20260131-132200-016.JPG
2026-05-23 21:13:48,828 [DEBUG   ]   Confirmed in anno_sharp — leaving in place: 20260131-132219-031.JPG
2026-05-23 21:13:48,829 [DEBUG   ]   Confirmed in anno_sharp — leaving in place: 20260131-132226-042.JPG
2026-05-23 21:13:48,830 [DEBUG   ]   Confirmed in anno_sharp — leaving in place: 20260131-132226-058.JPG
2026-05-23 21:13:48,831 [DEBUG   ]   Confirmed in anno_sharp — leaving in place: 20260131-132228-001.JPG
2026-05-23 21:13:48,831 [DEBUG   ]   Confirmed in anno_sharp — leaving in place: 20260131-132232-020.JPG
2026-05-23 21:13:48,832 [DEBUG   ]   Confirmed in anno_sharp — leaving in place: 20260131-132304-060.JPG
2026-05-23 21:13:48,832 [DEBUG   ]   Confirmed in anno_sharp — leaving in place: 20260131-132304-076.JPG
2026-05-23 21:13:48,833 [DEBUG   ]   Confirmed in anno_sharp — leaving in place: 20260131-132311-018.JPG
2026-05-23 21:13:48,834 [DEBUG   ]   Confirmed in anno_sharp — leaving in place: 20260131-132311-035.JPG
2026-05-23 21:13:48,834 [DEBUG   ]   Confirmed in anno_sharp — leaving in place: 20260131-132311-050.JPG
2026-05-23 21:13:48,835 [DEBUG   ]   Confirmed in anno_sharp — leaving in place: 20260131-132311-065.JPG
2026-05-23 21:13:48,835 [DEBUG   ]   Confirmed in anno_sharp — leaving in place: 20260131-132311-080.JPG
2026-05-23 21:13:48,836 [DEBUG   ]   Confirmed in anno_sharp — leaving in place: 20260131-132311-095.JPG
2026-05-23 21:13:48,836 [DEBUG   ]   Confirmed in anno_sharp — leaving in place: 20260131-132312-010.JPG
2026-05-23 21:13:48,836 [DEBUG   ]   Confirmed in anno_sharp — leaving in place: 20260131-132312-026.JPG
2026-05-23 21:13:48,836 [INFO    ]   Not confirmed in anno_sharp — moving to Blur: 20260131-132412-092.JPG
2026-05-23 21:13:48,841 [INFO    ]   Moved 20260131-132412-092.JPG                  → C:\Users\asing\OneDrive\5. ForShare\EFCB12ECRL\20260131 vs Highline FC\100EOSR6\Blur
2026-05-23 21:13:48,841 [DEBUG   ]   Confirmed in anno_sharp — leaving in place: 20260131-132413-009.JPG
2026-05-23 21:13:48,843 [DEBUG   ]   Confirmed in anno_sharp — leaving in place: 20260131-132415-035.JPG
2026-05-23 21:13:48,843 [DEBUG   ]   Confirmed in anno_sharp — leaving in place: 20260131-132415-051.JPG
2026-05-23 21:13:48,843 [DEBUG   ]   Confirmed in anno_sharp — leaving in place: 20260131-132415-067.JPG
2026-05-23 21:13:48,845 [DEBUG   ]   Confirmed in anno_sharp — leaving in place: 20260131-132415-082.JPG
2026-05-23 21:13:48,846 [DEBUG   ]   Confirmed in anno_sharp — leaving in place: 20260131-132415-097.JPG
2026-05-23 21:13:48,846 [INFO    ]   Not confirmed in anno_sharp — moving to Blur: 20260131-132416-012.JPG
2026-05-23 21:13:48,850 [INFO    ]   Moved 20260131-132416-012.JPG                  → C:\Users\asing\OneDrive\5. ForShare\EFCB12ECRL\20260131 vs Highline FC\100EOSR6\Blur
2026-05-23 21:13:48,851 [DEBUG   ]   Confirmed in anno_sharp — leaving in place: 20260131-132418-080.JPG
2026-05-23 21:13:48,851 [DEBUG   ]   Confirmed in anno_sharp — leaving in place: 20260131-132418-096.JPG
2026-05-23 21:13:48,852 [DEBUG   ]   Confirmed in anno_sharp — leaving in place: 20260131-132419-011.JPG
2026-05-23 21:13:48,852 [DEBUG   ]   Confirmed in anno_sharp — leaving in place: 20260131-132419-026.JPG
2026-05-23 21:13:48,853 [DEBUG   ]   Confirmed in anno_sharp — leaving in place: 20260131-132419-041.JPG
2026-05-23 21:13:48,853 [DEBUG   ]   Confirmed in anno_sharp — leaving in place: 20260131-132419-057.JPG
2026-05-23 21:13:48,854 [DEBUG   ]   Confirmed in anno_sharp — leaving in place: 20260131-132422-080.JPG
2026-05-23 21:13:48,854 [DEBUG   ]   Confirmed in anno_sharp — leaving in place: 20260131-132422-096.JPG
2026-05-23 21:13:48,855 [DEBUG   ]   Confirmed in anno_sharp — leaving in place: 20260131-132558-000.JPG
2026-05-23 21:13:48,855 [DEBUG   ]   Confirmed in anno_sharp — leaving in place: 20260131-132558-016.JPG
2026-05-23 21:13:48,856 [DEBUG   ]   Confirmed in anno_sharp — leaving in place: 20260131-132558-032.JPG
2026-05-23 21:13:48,856 [DEBUG   ]   Confirmed in anno_sharp — leaving in place: 20260131-132558-047.JPG
2026-05-23 21:13:48,857 [DEBUG   ]   Confirmed in anno_sharp — leaving in place: 20260131-132558-062.JPG
2026-05-23 21:13:48,858 [DEBUG   ]   Confirmed in anno_sharp — leaving in place: 20260131-132558-077.JPG
2026-05-23 21:13:48,858 [DEBUG   ]   Confirmed in anno_sharp — leaving in place: 20260131-132558-092.JPG
2026-05-23 21:13:48,859 [INFO    ]   Not confirmed in anno_sharp — moving to Blur: 20260131-132628-000.JPG
2026-05-23 21:13:48,862 [INFO    ]   Moved 20260131-132628-000.JPG                  → C:\Users\asing\OneDrive\5. ForShare\EFCB12ECRL\20260131 vs Highline FC\100EOSR6\Blur
2026-05-23 21:13:48,862 [DEBUG   ]   Confirmed in anno_sharp — leaving in place: 20260131-132644-016.JPG
2026-05-23 21:13:48,863 [DEBUG   ]   Confirmed in anno_sharp — leaving in place: 20260131-132646-012.JPG
2026-05-23 21:13:48,863 [DEBUG   ]   Confirmed in anno_sharp — leaving in place: 20260131-132647-021.JPG
2026-05-23 21:13:48,864 [DEBUG   ]   Confirmed in anno_sharp — leaving in place: 20260131-132647-038.JPG
2026-05-23 21:13:48,864 [DEBUG   ]   Confirmed in anno_sharp — leaving in place: 20260131-132647-094.JPG
2026-05-23 21:13:48,865 [DEBUG   ]   Confirmed in anno_sharp — leaving in place: 20260131-132648-010.JPG
2026-05-23 21:13:48,865 [DEBUG   ]   Confirmed in anno_sharp — leaving in place: 20260131-132648-040.JPG
2026-05-23 21:13:48,866 [DEBUG   ]   Confirmed in anno_sharp — leaving in place: 20260131-132648-057.JPG
2026-05-23 21:13:48,866 [DEBUG   ]   Confirmed in anno_sharp — leaving in place: 20260131-132659-031.JPG
2026-05-23 21:13:48,867 [DEBUG   ]   Confirmed in anno_sharp — leaving in place: 20260131-132659-077.JPG
2026-05-23 21:13:48,867 [DEBUG   ]   Confirmed in anno_sharp — leaving in place: 20260131-132700-032.JPG
2026-05-23 21:13:48,868 [DEBUG   ]   Confirmed in anno_sharp — leaving in place: 20260131-132700-048.JPG
2026-05-23 21:13:48,868 [DEBUG   ]   Confirmed in anno_sharp — leaving in place: 20260131-132701-098.JPG
2026-05-23 21:13:48,869 [DEBUG   ]   Confirmed in anno_sharp — leaving in place: 20260131-132707-042.JPG
2026-05-23 21:13:48,869 [DEBUG   ]   Confirmed in anno_sharp — leaving in place: 20260131-132711-095.JPG
2026-05-23 21:13:48,870 [DEBUG   ]   Confirmed in anno_sharp — leaving in place: 20260131-132712-011.JPG
2026-05-23 21:13:48,870 [DEBUG   ]   Confirmed in anno_sharp — leaving in place: 20260131-132712-026.JPG
2026-05-23 21:13:48,871 [DEBUG   ]   Confirmed in anno_sharp — leaving in place: 20260131-132715-097.JPG
2026-05-23 21:13:48,871 [DEBUG   ]   Confirmed in anno_sharp — leaving in place: 20260131-132716-013.JPG
2026-05-23 21:13:48,872 [INFO    ]   Not confirmed in anno_sharp — moving to Blur: 20260131-132716-028.JPG
2026-05-23 21:13:48,874 [INFO    ]   Moved 20260131-132716-028.JPG                  → C:\Users\asing\OneDrive\5. ForShare\EFCB12ECRL\20260131 vs Highline FC\100EOSR6\Blur
2026-05-23 21:13:48,876 [INFO    ]   Not confirmed in anno_sharp — moving to Blur: 20260131-132716-043.JPG
2026-05-23 21:13:48,879 [INFO    ]   Moved 20260131-132716-043.JPG                  → C:\Users\asing\OneDrive\5. ForShare\EFCB12ECRL\20260131 vs Highline FC\100EOSR6\Blur
2026-05-23 21:13:48,880 [DEBUG   ]   Confirmed in anno_sharp — leaving in place: 20260131-132747-067.JPG
2026-05-23 21:13:48,881 [DEBUG   ]   Confirmed in anno_sharp — leaving in place: 20260131-132747-084.JPG
2026-05-23 21:13:48,881 [DEBUG   ]   Confirmed in anno_sharp — leaving in place: 20260131-132810-062.JPG
2026-05-23 21:13:48,881 [DEBUG   ]   Confirmed in anno_sharp — leaving in place: 20260131-132817-092.JPG
2026-05-23 21:13:48,881 [DEBUG   ]   Confirmed in anno_sharp — leaving in place: 20260131-132818-009.JPG
2026-05-23 21:13:48,884 [INFO    ]   Not confirmed in anno_sharp — moving to Blur: 20260131-132836-096.JPG
2026-05-23 21:13:48,886 [INFO    ]   Moved 20260131-132836-096.JPG                  → C:\Users\asing\OneDrive\5. ForShare\EFCB12ECRL\20260131 vs Highline FC\100EOSR6\Blur
2026-05-23 21:13:48,888 [INFO    ]   Not confirmed in anno_sharp — moving to Blur: 20260131-132837-012.JPG
2026-05-23 21:13:48,891 [INFO    ]   Moved 20260131-132837-012.JPG                  → C:\Users\asing\OneDrive\5. ForShare\EFCB12ECRL\20260131 vs Highline FC\100EOSR6\Blur
2026-05-23 21:13:48,891 [INFO    ]   Not confirmed in anno_sharp — moving to Blur: 20260131-132837-027.JPG
2026-05-23 21:13:48,895 [INFO    ]   Moved 20260131-132837-027.JPG                  → C:\Users\asing\OneDrive\5. ForShare\EFCB12ECRL\20260131 vs Highline FC\100EOSR6\Blur
2026-05-23 21:13:48,896 [DEBUG   ]   Confirmed in anno_sharp — leaving in place: 20260131-132837-085.JPG
2026-05-23 21:13:48,897 [DEBUG   ]   Confirmed in anno_sharp — leaving in place: 20260131-132838-001.JPG
2026-05-23 21:13:48,898 [DEBUG   ]   Confirmed in anno_sharp — leaving in place: 20260131-132840-012.JPG
2026-05-23 21:13:48,899 [DEBUG   ]   Confirmed in anno_sharp — leaving in place: 20260131-132840-028.JPG
2026-05-23 21:13:48,899 [DEBUG   ]   Confirmed in anno_sharp — leaving in place: 20260131-132842-084.JPG
2026-05-23 21:13:48,900 [DEBUG   ]   Confirmed in anno_sharp — leaving in place: 20260131-132927-000.JPG
2026-05-23 21:13:48,900 [DEBUG   ]   Confirmed in anno_sharp — leaving in place: 20260131-132927-017.JPG
2026-05-23 21:13:48,901 [DEBUG   ]   Confirmed in anno_sharp — leaving in place: 20260131-132929-080.JPG
2026-05-23 21:13:48,901 [DEBUG   ]   Confirmed in anno_sharp — leaving in place: 20260131-132929-097.JPG
2026-05-23 21:13:48,902 [DEBUG   ]   Confirmed in anno_sharp — leaving in place: 20260131-132957-071.JPG
2026-05-23 21:13:48,903 [DEBUG   ]   Confirmed in anno_sharp — leaving in place: 20260131-133004-071.JPG
2026-05-23 21:13:48,903 [DEBUG   ]   Confirmed in anno_sharp — leaving in place: 20260131-133006-050.JPG
2026-05-23 21:13:48,904 [DEBUG   ]   Confirmed in anno_sharp — leaving in place: 20260131-133140-000.JPG
2026-05-23 21:13:48,904 [DEBUG   ]   Confirmed in anno_sharp — leaving in place: 20260131-133140-017.JPG
2026-05-23 21:13:48,905 [DEBUG   ]   Confirmed in anno_sharp — leaving in place: 20260131-133140-032.JPG
2026-05-23 21:13:48,905 [DEBUG   ]   Confirmed in anno_sharp — leaving in place: 20260131-133140-047.JPG
2026-05-23 21:13:48,906 [DEBUG   ]   Confirmed in anno_sharp — leaving in place: 20260131-133140-062.JPG
2026-05-23 21:13:48,907 [DEBUG   ]   Confirmed in anno_sharp — leaving in place: 20260131-133140-077.JPG
2026-05-23 21:13:48,908 [DEBUG   ]   Confirmed in anno_sharp — leaving in place: 20260131-133141-044.JPG
2026-05-23 21:13:48,908 [DEBUG   ]   Confirmed in anno_sharp — leaving in place: 20260131-133141-061.JPG
2026-05-23 21:13:48,909 [DEBUG   ]   Confirmed in anno_sharp — leaving in place: 20260131-133209-096.JPG
2026-05-23 21:13:48,909 [DEBUG   ]   Confirmed in anno_sharp — leaving in place: 20260131-133216-084.JPG
2026-05-23 21:13:48,910 [DEBUG   ]   Confirmed in anno_sharp — leaving in place: 20260131-133217-000.JPG
2026-05-23 21:13:48,911 [DEBUG   ]   Confirmed in anno_sharp — leaving in place: 20260131-133217-015.JPG
2026-05-23 21:13:48,912 [DEBUG   ]   Confirmed in anno_sharp — leaving in place: 20260131-133218-061.JPG
2026-05-23 21:13:48,913 [DEBUG   ]   Confirmed in anno_sharp — leaving in place: 20260131-133218-077.JPG
2026-05-23 21:13:48,914 [DEBUG   ]   Confirmed in anno_sharp — leaving in place: 20260131-133218-092.JPG
2026-05-23 21:13:48,914 [DEBUG   ]   Confirmed in anno_sharp — leaving in place: 20260131-133224-006.JPG
2026-05-23 21:13:48,915 [DEBUG   ]   Confirmed in anno_sharp — leaving in place: 20260131-133329-000.JPG
2026-05-23 21:13:48,915 [DEBUG   ]   Confirmed in anno_sharp — leaving in place: 20260131-133330-059.JPG
2026-05-23 21:13:48,916 [DEBUG   ]   Confirmed in anno_sharp — leaving in place: 20260131-133330-075.JPG
2026-05-23 21:13:48,916 [DEBUG   ]   Confirmed in anno_sharp — leaving in place: 20260131-133330-090.JPG
2026-05-23 21:13:48,916 [DEBUG   ]   Confirmed in anno_sharp — leaving in place: 20260131-133333-002.JPG
2026-05-23 21:13:48,917 [DEBUG   ]   Confirmed in anno_sharp — leaving in place: 20260131-133333-019.JPG
2026-05-23 21:13:48,918 [DEBUG   ]   Confirmed in anno_sharp — leaving in place: 20260131-133334-010.JPG
2026-05-23 21:13:48,918 [DEBUG   ]   Confirmed in anno_sharp — leaving in place: 20260131-133334-026.JPG
2026-05-23 21:13:48,919 [DEBUG   ]   Confirmed in anno_sharp — leaving in place: 20260131-133334-042.JPG
2026-05-23 21:13:48,920 [DEBUG   ]   Confirmed in anno_sharp — leaving in place: 20260131-133334-057.JPG
2026-05-23 21:13:48,920 [DEBUG   ]   Confirmed in anno_sharp — leaving in place: 20260131-133336-042.JPG
2026-05-23 21:13:48,921 [DEBUG   ]   Confirmed in anno_sharp — leaving in place: 20260131-133336-059.JPG
2026-05-23 21:13:48,921 [DEBUG   ]   Confirmed in anno_sharp — leaving in place: 20260131-133732-000.JPG
2026-05-23 21:13:48,922 [DEBUG   ]   Confirmed in anno_sharp — leaving in place: 20260131-133732-016.JPG
2026-05-23 21:13:48,923 [DEBUG   ]   Confirmed in anno_sharp — leaving in place: 20260131-133732-031.JPG
2026-05-23 21:13:48,923 [DEBUG   ]   Confirmed in anno_sharp — leaving in place: 20260131-133732-047.JPG
2026-05-23 21:13:48,924 [DEBUG   ]   Confirmed in anno_sharp — leaving in place: 20260131-133732-062.JPG
2026-05-23 21:13:48,924 [DEBUG   ]   Confirmed in anno_sharp — leaving in place: 20260131-133732-077.JPG
2026-05-23 21:13:48,925 [DEBUG   ]   Confirmed in anno_sharp — leaving in place: 20260131-133740-029.JPG
2026-05-23 21:13:48,926 [DEBUG   ]   Confirmed in anno_sharp — leaving in place: 20260131-133740-046.JPG
2026-05-23 21:13:48,927 [DEBUG   ]   Confirmed in anno_sharp — leaving in place: 20260131-133741-009.JPG
2026-05-23 21:13:48,927 [DEBUG   ]   Confirmed in anno_sharp — leaving in place: 20260131-133741-026.JPG
2026-05-23 21:13:48,929 [DEBUG   ]   Confirmed in anno_sharp — leaving in place: 20260131-133741-041.JPG
2026-05-23 21:13:48,930 [DEBUG   ]   Confirmed in anno_sharp — leaving in place: 20260131-133741-056.JPG
2026-05-23 21:13:48,931 [DEBUG   ]   Confirmed in anno_sharp — leaving in place: 20260131-133741-071.JPG
2026-05-23 21:13:48,931 [DEBUG   ]   Confirmed in anno_sharp — leaving in place: 20260131-133741-086.JPG
2026-05-23 21:13:48,932 [DEBUG   ]   Confirmed in anno_sharp — leaving in place: 20260131-133745-031.JPG
2026-05-23 21:13:48,933 [DEBUG   ]   Confirmed in anno_sharp — leaving in place: 20260131-133745-048.JPG
2026-05-23 21:13:48,933 [DEBUG   ]   Confirmed in anno_sharp — leaving in place: 20260131-133756-086.JPG
2026-05-23 21:13:48,934 [DEBUG   ]   Confirmed in anno_sharp — leaving in place: 20260131-133757-002.JPG
2026-05-23 21:13:48,934 [DEBUG   ]   Confirmed in anno_sharp — leaving in place: 20260131-133758-091.JPG
2026-05-23 21:13:48,935 [DEBUG   ]   Confirmed in anno_sharp — leaving in place: 20260131-133759-007.JPG
2026-05-23 21:13:48,935 [DEBUG   ]   Confirmed in anno_sharp — leaving in place: 20260131-133759-022.JPG
2026-05-23 21:13:48,936 [DEBUG   ]   Confirmed in anno_sharp — leaving in place: 20260131-133759-037.JPG
2026-05-23 21:13:48,936 [DEBUG   ]   Confirmed in anno_sharp — leaving in place: 20260131-133801-081.JPG
2026-05-23 21:13:48,937 [DEBUG   ]   Confirmed in anno_sharp — leaving in place: 20260131-133801-097.JPG
2026-05-23 21:13:48,938 [DEBUG   ]   Confirmed in anno_sharp — leaving in place: 20260131-133807-031.JPG
2026-05-23 21:13:48,938 [DEBUG   ]   Confirmed in anno_sharp — leaving in place: 20260131-133807-048.JPG
2026-05-23 21:13:48,939 [DEBUG   ]   Confirmed in anno_sharp — leaving in place: 20260131-133809-043.JPG
2026-05-23 21:13:48,940 [DEBUG   ]   Confirmed in anno_sharp — leaving in place: 20260131-133809-059.JPG
2026-05-23 21:13:48,940 [DEBUG   ]   Confirmed in anno_sharp — leaving in place: 20260131-133809-074.JPG
2026-05-23 21:13:48,941 [DEBUG   ]   Confirmed in anno_sharp — leaving in place: 20260131-133809-089.JPG
2026-05-23 21:13:48,941 [DEBUG   ]   Confirmed in anno_sharp — leaving in place: 20260131-133810-005.JPG
2026-05-23 21:13:48,942 [DEBUG   ]   Confirmed in anno_sharp — leaving in place: 20260131-133810-020.JPG
2026-05-23 21:13:48,942 [DEBUG   ]   Confirmed in anno_sharp — leaving in place: 20260131-133810-035.JPG
2026-05-23 21:13:48,944 [DEBUG   ]   Confirmed in anno_sharp — leaving in place: 20260131-133810-050.JPG
2026-05-23 21:13:48,946 [DEBUG   ]   Confirmed in anno_sharp — leaving in place: 20260131-133825-000.JPG
2026-05-23 21:13:48,947 [DEBUG   ]   Confirmed in anno_sharp — leaving in place: 20260131-133825-016.JPG
2026-05-23 21:13:48,947 [DEBUG   ]   Confirmed in anno_sharp — leaving in place: 20260131-133829-078.JPG
2026-05-23 21:13:48,948 [DEBUG   ]   Confirmed in anno_sharp — leaving in place: 20260131-133829-094.JPG
2026-05-23 21:13:48,949 [DEBUG   ]   Confirmed in anno_sharp — leaving in place: 20260131-133835-078.JPG
2026-05-23 21:13:48,949 [DEBUG   ]   Confirmed in anno_sharp — leaving in place: 20260131-133835-094.JPG
2026-05-23 21:13:48,950 [DEBUG   ]   Confirmed in anno_sharp — leaving in place: 20260131-133836-009.JPG
2026-05-23 21:13:48,951 [DEBUG   ]   Confirmed in anno_sharp — leaving in place: 20260131-133836-024.JPG
2026-05-23 21:13:48,951 [DEBUG   ]   Confirmed in anno_sharp — leaving in place: 20260131-133836-039.JPG
2026-05-23 21:13:48,952 [DEBUG   ]   Confirmed in anno_sharp — leaving in place: 20260131-133836-055.JPG
2026-05-23 21:13:48,952 [DEBUG   ]   Confirmed in anno_sharp — leaving in place: 20260131-133836-070.JPG
2026-05-23 21:13:48,953 [DEBUG   ]   Confirmed in anno_sharp — leaving in place: 20260131-133836-085.JPG
2026-05-23 21:13:48,954 [DEBUG   ]   Confirmed in anno_sharp — leaving in place: 20260131-133837-000.JPG
2026-05-23 21:13:48,954 [DEBUG   ]   Confirmed in anno_sharp — leaving in place: 20260131-133837-015.JPG
2026-05-23 21:13:48,954 [DEBUG   ]   Confirmed in anno_sharp — leaving in place: 20260131-133841-097.JPG
2026-05-23 21:13:48,955 [DEBUG   ]   Confirmed in anno_sharp — leaving in place: 20260131-133842-012.JPG
2026-05-23 21:13:48,955 [DEBUG   ]   Confirmed in anno_sharp — leaving in place: 20260131-133842-027.JPG
2026-05-23 21:13:48,956 [DEBUG   ]   Confirmed in anno_sharp — leaving in place: 20260131-133842-073.JPG
2026-05-23 21:13:48,957 [DEBUG   ]   Confirmed in anno_sharp — leaving in place: 20260131-133843-018.JPG
2026-05-23 21:13:48,957 [DEBUG   ]   Confirmed in anno_sharp — leaving in place: 20260131-133939-096.JPG
2026-05-23 21:13:48,958 [DEBUG   ]   Confirmed in anno_sharp — leaving in place: 20260131-133940-012.JPG
2026-05-23 21:13:48,959 [DEBUG   ]   Confirmed in anno_sharp — leaving in place: 20260131-133944-048.JPG
2026-05-23 21:13:48,960 [DEBUG   ]   Confirmed in anno_sharp — leaving in place: 20260131-133944-065.JPG
2026-05-23 21:13:48,960 [DEBUG   ]   Confirmed in anno_sharp — leaving in place: 20260131-133948-049.JPG
2026-05-23 21:13:48,961 [DEBUG   ]   Confirmed in anno_sharp — leaving in place: 20260131-133948-065.JPG
2026-05-23 21:13:48,961 [DEBUG   ]   Confirmed in anno_sharp — leaving in place: 20260131-133951-087.JPG
2026-05-23 21:13:48,961 [DEBUG   ]   Confirmed in anno_sharp — leaving in place: 20260131-133953-002.JPG
2026-05-23 21:13:48,961 [DEBUG   ]   Confirmed in anno_sharp — leaving in place: 20260131-134001-040.JPG
2026-05-23 21:13:48,963 [DEBUG   ]   Confirmed in anno_sharp — leaving in place: 20260131-134012-030.JPG
2026-05-23 21:13:48,963 [DEBUG   ]   Confirmed in anno_sharp — leaving in place: 20260131-134012-046.JPG
2026-05-23 21:13:48,964 [DEBUG   ]   Confirmed in anno_sharp — leaving in place: 20260131-134014-060.JPG
2026-05-23 21:13:48,964 [DEBUG   ]   Confirmed in anno_sharp — leaving in place: 20260131-134014-076.JPG
2026-05-23 21:13:48,965 [DEBUG   ]   Confirmed in anno_sharp — leaving in place: 20260131-134017-050.JPG
2026-05-23 21:13:48,965 [DEBUG   ]   Confirmed in anno_sharp — leaving in place: 20260131-134017-067.JPG
2026-05-23 21:13:48,966 [DEBUG   ]   Confirmed in anno_sharp — leaving in place: 20260131-134234-000.JPG
2026-05-23 21:13:48,966 [DEBUG   ]   Confirmed in anno_sharp — leaving in place: 20260131-134234-017.JPG
2026-05-23 21:13:48,967 [DEBUG   ]   Confirmed in anno_sharp — leaving in place: 20260131-134256-058.JPG
2026-05-23 21:13:48,968 [DEBUG   ]   Confirmed in anno_sharp — leaving in place: 20260131-134311-089.JPG
2026-05-23 21:13:48,968 [DEBUG   ]   Confirmed in anno_sharp — leaving in place: 20260131-134352-018.JPG
2026-05-23 21:13:48,968 [DEBUG   ]   Confirmed in anno_sharp — leaving in place: 20260131-134352-035.JPG
2026-05-23 21:13:48,968 [DEBUG   ]   Confirmed in anno_sharp — leaving in place: 20260131-134354-007.JPG
2026-05-23 21:13:48,968 [DEBUG   ]   Confirmed in anno_sharp — leaving in place: 20260131-134403-076.JPG
2026-05-23 21:13:48,968 [DEBUG   ]   Confirmed in anno_sharp — leaving in place: 20260131-134414-016.JPG
2026-05-23 21:13:48,968 [INFO    ]   Not confirmed in anno_sharp — moving to Blur: 20260131-134427-010.JPG
2026-05-23 21:13:48,975 [INFO    ]   Moved 20260131-134427-010.JPG                  → C:\Users\asing\OneDrive\5. ForShare\EFCB12ECRL\20260131 vs Highline FC\100EOSR6\Blur
2026-05-23 21:13:48,976 [INFO    ]   Not confirmed in anno_sharp — moving to Blur: 20260131-134427-026.JPG
2026-05-23 21:13:48,979 [INFO    ]   Moved 20260131-134427-026.JPG                  → C:\Users\asing\OneDrive\5. ForShare\EFCB12ECRL\20260131 vs Highline FC\100EOSR6\Blur
2026-05-23 21:13:48,980 [DEBUG   ]   Confirmed in anno_sharp — leaving in place: 20260131-134427-041.JPG
2026-05-23 21:13:48,981 [DEBUG   ]   Confirmed in anno_sharp — leaving in place: 20260131-134427-056.JPG
2026-05-23 21:13:48,981 [DEBUG   ]   Confirmed in anno_sharp — leaving in place: 20260131-134428-060.JPG
2026-05-23 21:13:48,982 [DEBUG   ]   Confirmed in anno_sharp — leaving in place: 20260131-134428-076.JPG
2026-05-23 21:13:48,982 [DEBUG   ]   Confirmed in anno_sharp — leaving in place: 20260131-134428-091.JPG
2026-05-23 21:13:48,983 [DEBUG   ]   Confirmed in anno_sharp — leaving in place: 20260131-134429-006.JPG
2026-05-23 21:13:48,983 [INFO    ]   Not confirmed in anno_sharp — moving to Blur: 20260131-134429-021.JPG
2026-05-23 21:13:48,986 [INFO    ]   Moved 20260131-134429-021.JPG                  → C:\Users\asing\OneDrive\5. ForShare\EFCB12ECRL\20260131 vs Highline FC\100EOSR6\Blur
2026-05-23 21:13:48,986 [DEBUG   ]   Confirmed in anno_sharp — leaving in place: 20260131-134429-036.JPG
2026-05-23 21:13:48,988 [DEBUG   ]   Confirmed in anno_sharp — leaving in place: 20260131-134429-052.JPG
2026-05-23 21:13:48,988 [DEBUG   ]   Confirmed in anno_sharp — leaving in place: 20260131-134451-029.JPG
2026-05-23 21:13:48,989 [INFO    ]   Not confirmed in anno_sharp — moving to Blur: 20260131-134511-006.JPG
2026-05-23 21:13:48,991 [INFO    ]   Moved 20260131-134511-006.JPG                  → C:\Users\asing\OneDrive\5. ForShare\EFCB12ECRL\20260131 vs Highline FC\100EOSR6\Blur
2026-05-23 21:13:48,992 [INFO    ]   Not confirmed in anno_sharp — moving to Blur: 20260131-134511-022.JPG
2026-05-23 21:13:48,994 [INFO    ]   Moved 20260131-134511-022.JPG                  → C:\Users\asing\OneDrive\5. ForShare\EFCB12ECRL\20260131 vs Highline FC\100EOSR6\Blur
2026-05-23 21:13:48,995 [INFO    ]   Not confirmed in anno_sharp — moving to Blur: 20260131-134519-083.JPG
2026-05-23 21:13:48,998 [INFO    ]   Moved 20260131-134519-083.JPG                  → C:\Users\asing\OneDrive\5. ForShare\EFCB12ECRL\20260131 vs Highline FC\100EOSR6\Blur
2026-05-23 21:13:48,999 [DEBUG   ]   Confirmed in anno_sharp — leaving in place: 20260131-134543-050.JPG
2026-05-23 21:13:48,999 [DEBUG   ]   Confirmed in anno_sharp — leaving in place: 20260131-134543-066.JPG
2026-05-23 21:13:48,999 [DEBUG   ]   Confirmed in anno_sharp — leaving in place: 20260131-134544-023.JPG
2026-05-23 21:13:49,000 [DEBUG   ]   Confirmed in anno_sharp — leaving in place: 20260131-134545-077.JPG
2026-05-23 21:13:49,000 [DEBUG   ]   Confirmed in anno_sharp — leaving in place: 20260131-134550-018.JPG
2026-05-23 21:13:49,001 [DEBUG   ]   Confirmed in anno_sharp — leaving in place: 20260131-134550-034.JPG
2026-05-23 21:13:49,001 [DEBUG   ]   Confirmed in anno_sharp — leaving in place: 20260131-134550-049.JPG
2026-05-23 21:13:49,002 [DEBUG   ]   Confirmed in anno_sharp — leaving in place: 20260131-134552-019.JPG
2026-05-23 21:13:49,003 [DEBUG   ]   Confirmed in anno_sharp — leaving in place: 20260131-134552-035.JPG
2026-05-23 21:13:49,003 [DEBUG   ]   Confirmed in anno_sharp — leaving in place: 20260131-134552-084.JPG
2026-05-23 21:13:49,003 [DEBUG   ]   Confirmed in anno_sharp — leaving in place: 20260131-134553-000.JPG
2026-05-23 21:13:49,004 [DEBUG   ]   Confirmed in anno_sharp — leaving in place: 20260131-134553-065.JPG
2026-05-23 21:13:49,005 [DEBUG   ]   Confirmed in anno_sharp — leaving in place: 20260131-134553-082.JPG
2026-05-23 21:13:49,006 [DEBUG   ]   Confirmed in anno_sharp — leaving in place: 20260131-134553-097.JPG
2026-05-23 21:13:49,006 [INFO    ]   Not confirmed in anno_sharp — moving to Blur: 20260131-134557-040.JPG
2026-05-23 21:13:49,008 [INFO    ]   Moved 20260131-134557-040.JPG                  → C:\Users\asing\OneDrive\5. ForShare\EFCB12ECRL\20260131 vs Highline FC\100EOSR6\Blur
2026-05-23 21:13:49,009 [DEBUG   ]   Confirmed in anno_sharp — leaving in place: 20260131-134602-044.JPG
2026-05-23 21:13:49,010 [DEBUG   ]   Confirmed in anno_sharp — leaving in place: 20260131-134602-061.JPG
2026-05-23 21:13:49,011 [DEBUG   ]   Confirmed in anno_sharp — leaving in place: 20260131-134602-076.JPG
2026-05-23 21:13:49,011 [DEBUG   ]   Confirmed in anno_sharp — leaving in place: 20260131-134607-002.JPG
2026-05-23 21:13:49,012 [DEBUG   ]   Confirmed in anno_sharp — leaving in place: 20260131-134607-018.JPG
2026-05-23 21:13:49,012 [INFO    ]   Not confirmed in anno_sharp — moving to Blur: 20260131-134610-002.JPG
2026-05-23 21:13:49,015 [INFO    ]   Moved 20260131-134610-002.JPG                  → C:\Users\asing\OneDrive\5. ForShare\EFCB12ECRL\20260131 vs Highline FC\100EOSR6\Blur
2026-05-23 21:13:49,016 [INFO    ]   Not confirmed in anno_sharp — moving to Blur: 20260131-134610-019.JPG
2026-05-23 21:13:49,017 [INFO    ]   Moved 20260131-134610-019.JPG                  → C:\Users\asing\OneDrive\5. ForShare\EFCB12ECRL\20260131 vs Highline FC\100EOSR6\Blur
2026-05-23 21:13:49,017 [DEBUG   ]   Confirmed in anno_sharp — leaving in place: 20260131-134610-084.JPG
2026-05-23 21:13:49,017 [DEBUG   ]   Confirmed in anno_sharp — leaving in place: 20260131-134611-001.JPG
2026-05-23 21:13:49,021 [DEBUG   ]   Confirmed in anno_sharp — leaving in place: 20260131-134611-016.JPG
2026-05-23 21:13:49,021 [DEBUG   ]   Confirmed in anno_sharp — leaving in place: 20260131-134645-053.JPG
2026-05-23 21:13:49,021 [DEBUG   ]   Confirmed in anno_sharp — leaving in place: 20260131-134649-026.JPG
2026-05-23 21:13:49,021 [DEBUG   ]   Confirmed in anno_sharp — leaving in place: 20260131-134649-042.JPG
2026-05-23 21:13:49,023 [DEBUG   ]   Confirmed in anno_sharp — leaving in place: 20260131-134654-004.JPG
2026-05-23 21:13:49,023 [DEBUG   ]   Confirmed in anno_sharp — leaving in place: 20260131-134654-020.JPG
2026-05-23 21:13:49,023 [DEBUG   ]   Confirmed in anno_sharp — leaving in place: 20260131-134706-004.JPG
2026-05-23 21:13:49,025 [DEBUG   ]   Confirmed in anno_sharp — leaving in place: 20260131-134719-063.JPG
2026-05-23 21:13:49,026 [DEBUG   ]   Confirmed in anno_sharp — leaving in place: 20260131-134724-072.JPG
2026-05-23 21:13:49,027 [DEBUG   ]   Confirmed in anno_sharp — leaving in place: 20260131-134725-064.JPG
2026-05-23 21:13:49,028 [DEBUG   ]   Confirmed in anno_sharp — leaving in place: 20260131-134732-077.JPG
2026-05-23 21:13:49,029 [DEBUG   ]   Confirmed in anno_sharp — leaving in place: 20260131-134732-093.JPG
2026-05-23 21:13:49,029 [DEBUG   ]   Confirmed in anno_sharp — leaving in place: 20260131-134733-008.JPG
2026-05-23 21:13:49,030 [DEBUG   ]   Confirmed in anno_sharp — leaving in place: 20260131-134735-077.JPG
2026-05-23 21:13:49,031 [DEBUG   ]   Confirmed in anno_sharp — leaving in place: 20260131-134735-093.JPG
2026-05-23 21:13:49,032 [DEBUG   ]   Confirmed in anno_sharp — leaving in place: 20260131-134742-086.JPG
2026-05-23 21:13:49,032 [DEBUG   ]   Confirmed in anno_sharp — leaving in place: 20260131-134746-023.JPG
2026-05-23 21:13:49,033 [DEBUG   ]   Confirmed in anno_sharp — leaving in place: 20260131-134746-039.JPG
2026-05-23 21:13:49,034 [INFO    ]   Not confirmed in anno_sharp — moving to Blur: 20260131-134750-042.JPG
2026-05-23 21:13:49,037 [INFO    ]   Moved 20260131-134750-042.JPG                  → C:\Users\asing\OneDrive\5. ForShare\EFCB12ECRL\20260131 vs Highline FC\100EOSR6\Blur
2026-05-23 21:13:49,038 [DEBUG   ]   Confirmed in anno_sharp — leaving in place: 20260131-134750-058.JPG
2026-05-23 21:13:49,038 [DEBUG   ]   Confirmed in anno_sharp — leaving in place: 20260131-134751-000.JPG
2026-05-23 21:13:49,039 [DEBUG   ]   Confirmed in anno_sharp — leaving in place: 20260131-134751-017.JPG
2026-05-23 21:13:49,039 [DEBUG   ]   Confirmed in anno_sharp — leaving in place: 20260131-134755-046.JPG
2026-05-23 21:13:49,040 [DEBUG   ]   Confirmed in anno_sharp — leaving in place: 20260131-134755-062.JPG
2026-05-23 21:13:49,040 [DEBUG   ]   Confirmed in anno_sharp — leaving in place: 20260131-134755-077.JPG
2026-05-23 21:13:49,041 [INFO    ]   Not confirmed in anno_sharp — moving to Blur: 20260131-134803-068.JPG
2026-05-23 21:13:49,043 [INFO    ]   Moved 20260131-134803-068.JPG                  → C:\Users\asing\OneDrive\5. ForShare\EFCB12ECRL\20260131 vs Highline FC\100EOSR6\Blur
2026-05-23 21:13:49,045 [INFO    ]   Not confirmed in anno_sharp — moving to Blur: 20260131-134816-013.JPG
2026-05-23 21:13:49,048 [INFO    ]   Moved 20260131-134816-013.JPG                  → C:\Users\asing\OneDrive\5. ForShare\EFCB12ECRL\20260131 vs Highline FC\100EOSR6\Blur
2026-05-23 21:13:49,049 [INFO    ]   Not confirmed in anno_sharp — moving to Blur: 20260131-134819-053.JPG
2026-05-23 21:13:49,052 [INFO    ]   Moved 20260131-134819-053.JPG                  → C:\Users\asing\OneDrive\5. ForShare\EFCB12ECRL\20260131 vs Highline FC\100EOSR6\Blur
2026-05-23 21:13:49,052 [DEBUG   ]   Confirmed in anno_sharp — leaving in place: 20260131-134823-089.JPG
2026-05-23 21:13:49,053 [DEBUG   ]   Confirmed in anno_sharp — leaving in place: 20260131-134829-028.JPG
2026-05-23 21:13:49,054 [DEBUG   ]   Confirmed in anno_sharp — leaving in place: 20260131-134829-044.JPG
2026-05-23 21:13:49,054 [INFO    ]   Not confirmed in anno_sharp — moving to Blur: 20260131-134837-057.JPG
2026-05-23 21:13:49,057 [INFO    ]   Moved 20260131-134837-057.JPG                  → C:\Users\asing\OneDrive\5. ForShare\EFCB12ECRL\20260131 vs Highline FC\100EOSR6\Blur
2026-05-23 21:13:49,057 [INFO    ]   Not confirmed in anno_sharp — moving to Blur: 20260131-134837-073.JPG
2026-05-23 21:13:49,061 [INFO    ]   Moved 20260131-134837-073.JPG                  → C:\Users\asing\OneDrive\5. ForShare\EFCB12ECRL\20260131 vs Highline FC\100EOSR6\Blur
2026-05-23 21:13:49,062 [DEBUG   ]   Confirmed in anno_sharp — leaving in place: 20260131-134839-032.JPG
2026-05-23 21:13:49,062 [DEBUG   ]   Confirmed in anno_sharp — leaving in place: 20260131-134839-048.JPG
2026-05-23 21:13:49,062 [INFO    ]   Not confirmed in anno_sharp — moving to Blur: 20260131-134947-000.JPG
2026-05-23 21:13:49,066 [INFO    ]   Moved 20260131-134947-000.JPG                  → C:\Users\asing\OneDrive\5. ForShare\EFCB12ECRL\20260131 vs Highline FC\100EOSR6\Blur
2026-05-23 21:13:49,067 [INFO    ]   Not confirmed in anno_sharp — moving to Blur: 20260131-134947-016.JPG
2026-05-23 21:13:49,069 [INFO    ]   Moved 20260131-134947-016.JPG                  → C:\Users\asing\OneDrive\5. ForShare\EFCB12ECRL\20260131 vs Highline FC\100EOSR6\Blur
2026-05-23 21:13:49,069 [DEBUG   ]   Confirmed in anno_sharp — leaving in place: 20260131-134947-032.JPG
2026-05-23 21:13:49,071 [INFO    ]   Not confirmed in anno_sharp — moving to Blur: 20260131-134951-077.JPG
2026-05-23 21:13:49,074 [INFO    ]   Moved 20260131-134951-077.JPG                  → C:\Users\asing\OneDrive\5. ForShare\EFCB12ECRL\20260131 vs Highline FC\100EOSR6\Blur
2026-05-23 21:13:49,074 [DEBUG   ]   Confirmed in anno_sharp — leaving in place: 20260131-134951-094.JPG
2026-05-23 21:13:49,075 [DEBUG   ]   Confirmed in anno_sharp — leaving in place: 20260131-135020-086.JPG
2026-05-23 21:13:49,076 [DEBUG   ]   Confirmed in anno_sharp — leaving in place: 20260131-135024-095.JPG
2026-05-23 21:13:49,076 [DEBUG   ]   Confirmed in anno_sharp — leaving in place: 20260131-135025-012.JPG
2026-05-23 21:13:49,077 [DEBUG   ]   Confirmed in anno_sharp — leaving in place: 20260131-135029-011.JPG
2026-05-23 21:13:49,079 [DEBUG   ]   Confirmed in anno_sharp — leaving in place: 20260131-135029-028.JPG
2026-05-23 21:13:49,079 [DEBUG   ]   Confirmed in anno_sharp — leaving in place: 20260131-135029-043.JPG
2026-05-23 21:13:49,080 [DEBUG   ]   Confirmed in anno_sharp — leaving in place: 20260131-135107-000.JPG
2026-05-23 21:13:49,080 [DEBUG   ]   Confirmed in anno_sharp — leaving in place: 20260131-135107-017.JPG
2026-05-23 21:13:49,081 [DEBUG   ]   Confirmed in anno_sharp — leaving in place: 20260131-135117-069.JPG
2026-05-23 21:13:49,081 [DEBUG   ]   Confirmed in anno_sharp — leaving in place: 20260131-135117-086.JPG
2026-05-23 21:13:49,082 [DEBUG   ]   Confirmed in anno_sharp — leaving in place: 20260131-135126-051.JPG
2026-05-23 21:13:49,083 [DEBUG   ]   Confirmed in anno_sharp — leaving in place: 20260131-135221-094.JPG
2026-05-23 21:13:49,083 [DEBUG   ]   Confirmed in anno_sharp — leaving in place: 20260131-135222-010.JPG
2026-05-23 21:13:49,084 [DEBUG   ]   Confirmed in anno_sharp — leaving in place: 20260131-135228-034.JPG
2026-05-23 21:13:49,084 [DEBUG   ]   Confirmed in anno_sharp — leaving in place: 20260131-135229-085.JPG
2026-05-23 21:13:49,085 [DEBUG   ]   Confirmed in anno_sharp — leaving in place: 20260131-135230-029.JPG
2026-05-23 21:13:49,085 [DEBUG   ]   Confirmed in anno_sharp — leaving in place: 20260131-135232-042.JPG
2026-05-23 21:13:49,085 [DEBUG   ]   Confirmed in anno_sharp — leaving in place: 20260131-135236-024.JPG
2026-05-23 21:13:49,085 [DEBUG   ]   Confirmed in anno_sharp — leaving in place: 20260131-135236-040.JPG
2026-05-23 21:13:49,088 [DEBUG   ]   Confirmed in anno_sharp — leaving in place: 20260131-135239-015.JPG
2026-05-23 21:13:49,088 [DEBUG   ]   Confirmed in anno_sharp — leaving in place: 20260131-135239-031.JPG
2026-05-23 21:13:49,088 [DEBUG   ]   Confirmed in anno_sharp — leaving in place: 20260131-135239-047.JPG
2026-05-23 21:13:49,089 [DEBUG   ]   Confirmed in anno_sharp — leaving in place: 20260131-135328-000.JPG
2026-05-23 21:13:49,089 [DEBUG   ]   Confirmed in anno_sharp — leaving in place: 20260131-135328-016.JPG
2026-05-23 21:13:49,091 [DEBUG   ]   Confirmed in anno_sharp — leaving in place: 20260131-135328-032.JPG
2026-05-23 21:13:49,091 [DEBUG   ]   Confirmed in anno_sharp — leaving in place: 20260131-135330-046.JPG
2026-05-23 21:13:49,092 [DEBUG   ]   Confirmed in anno_sharp — leaving in place: 20260131-135330-063.JPG
2026-05-23 21:13:49,092 [DEBUG   ]   Confirmed in anno_sharp — leaving in place: 20260131-135332-026.JPG
2026-05-23 21:13:49,093 [DEBUG   ]   Confirmed in anno_sharp — leaving in place: 20260131-135332-058.JPG
2026-05-23 21:13:49,093 [DEBUG   ]   Confirmed in anno_sharp — leaving in place: 20260131-135430-000.JPG
2026-05-23 21:13:49,094 [DEBUG   ]   Confirmed in anno_sharp — leaving in place: 20260131-135430-016.JPG
2026-05-23 21:13:49,095 [DEBUG   ]   Confirmed in anno_sharp — leaving in place: 20260131-135430-031.JPG
2026-05-23 21:13:49,095 [DEBUG   ]   Confirmed in anno_sharp — leaving in place: 20260131-135431-025.JPG
2026-05-23 21:13:49,095 [DEBUG   ]   Confirmed in anno_sharp — leaving in place: 20260131-135431-042.JPG
2026-05-23 21:13:49,097 [DEBUG   ]   Confirmed in anno_sharp — leaving in place: 20260131-135431-057.JPG
2026-05-23 21:13:49,099 [INFO    ]   Not confirmed in anno_sharp — moving to Blur: 20260131-135437-019.JPG
2026-05-23 21:13:49,101 [INFO    ]   Moved 20260131-135437-019.JPG                  → C:\Users\asing\OneDrive\5. ForShare\EFCB12ECRL\20260131 vs Highline FC\100EOSR6\Blur
2026-05-23 21:13:49,102 [INFO    ]   Not confirmed in anno_sharp — moving to Blur: 20260131-135437-072.JPG
2026-05-23 21:13:49,105 [INFO    ]   Moved 20260131-135437-072.JPG                  → C:\Users\asing\OneDrive\5. ForShare\EFCB12ECRL\20260131 vs Highline FC\100EOSR6\Blur
2026-05-23 21:13:49,106 [INFO    ]   Not confirmed in anno_sharp — moving to Blur: 20260131-135437-089.JPG
2026-05-23 21:13:49,109 [INFO    ]   Moved 20260131-135437-089.JPG                  → C:\Users\asing\OneDrive\5. ForShare\EFCB12ECRL\20260131 vs Highline FC\100EOSR6\Blur
2026-05-23 21:13:49,109 [DEBUG   ]   Confirmed in anno_sharp — leaving in place: 20260131-135447-097.JPG
2026-05-23 21:13:49,111 [INFO    ]   Not confirmed in anno_sharp — moving to Blur: 20260131-135452-036.JPG
2026-05-23 21:13:49,117 [INFO    ]   Moved 20260131-135452-036.JPG                  → C:\Users\asing\OneDrive\5. ForShare\EFCB12ECRL\20260131 vs Highline FC\100EOSR6\Blur
2026-05-23 21:13:49,117 [DEBUG   ]   Confirmed in anno_sharp — leaving in place: 20260131-135456-043.JPG
2026-05-23 21:13:49,119 [DEBUG   ]   Confirmed in anno_sharp — leaving in place: 20260131-135456-059.JPG
2026-05-23 21:13:49,120 [DEBUG   ]   Confirmed in anno_sharp — leaving in place: 20260131-135456-086.JPG
2026-05-23 21:13:49,120 [DEBUG   ]   Confirmed in anno_sharp — leaving in place: 20260131-135457-002.JPG
2026-05-23 21:13:49,121 [DEBUG   ]   Confirmed in anno_sharp — leaving in place: 20260131-135457-017.JPG
2026-05-23 21:13:49,121 [DEBUG   ]   Confirmed in anno_sharp — leaving in place: 20260131-135457-032.JPG
2026-05-23 21:13:49,122 [DEBUG   ]   Confirmed in anno_sharp — leaving in place: 20260131-135528-000.JPG
2026-05-23 21:13:49,123 [DEBUG   ]   Confirmed in anno_sharp — leaving in place: 20260131-135528-016.JPG
2026-05-23 21:13:49,123 [DEBUG   ]   Confirmed in anno_sharp — leaving in place: 20260131-135529-035.JPG
2026-05-23 21:13:49,124 [INFO    ]   Not confirmed in anno_sharp — moving to Blur: 20260131-135530-061.JPG
2026-05-23 21:13:49,137 [INFO    ]   Moved 20260131-135530-061.JPG                  → C:\Users\asing\OneDrive\5. ForShare\EFCB12ECRL\20260131 vs Highline FC\100EOSR6\Blur
2026-05-23 21:13:49,138 [INFO    ]   Not confirmed in anno_sharp — moving to Blur: 20260131-135537-094.JPG
2026-05-23 21:13:49,141 [INFO    ]   Moved 20260131-135537-094.JPG                  → C:\Users\asing\OneDrive\5. ForShare\EFCB12ECRL\20260131 vs Highline FC\100EOSR6\Blur
2026-05-23 21:13:49,141 [DEBUG   ]   Confirmed in anno_sharp — leaving in place: 20260131-135541-088.JPG
2026-05-23 21:13:49,142 [INFO    ]   Not confirmed in anno_sharp — moving to Blur: 20260131-135542-005.JPG
2026-05-23 21:13:49,146 [INFO    ]   Moved 20260131-135542-005.JPG                  → C:\Users\asing\OneDrive\5. ForShare\EFCB12ECRL\20260131 vs Highline FC\100EOSR6\Blur
2026-05-23 21:13:49,147 [DEBUG   ]   Confirmed in anno_sharp — leaving in place: 20260131-135550-081.JPG
2026-05-23 21:13:49,147 [DEBUG   ]   Confirmed in anno_sharp — leaving in place: 20260131-135550-097.JPG
2026-05-23 21:13:49,148 [DEBUG   ]   Confirmed in anno_sharp — leaving in place: 20260131-135551-012.JPG
2026-05-23 21:13:49,148 [DEBUG   ]   Confirmed in anno_sharp — leaving in place: 20260131-135551-027.JPG
2026-05-23 21:13:49,148 [DEBUG   ]   Confirmed in anno_sharp — leaving in place: 20260131-135552-034.JPG
2026-05-23 21:13:49,150 [DEBUG   ]   Confirmed in anno_sharp — leaving in place: 20260131-135552-050.JPG
2026-05-23 21:13:49,150 [DEBUG   ]   Confirmed in anno_sharp — leaving in place: 20260131-135552-065.JPG
2026-05-23 21:13:49,151 [DEBUG   ]   Confirmed in anno_sharp — leaving in place: 20260131-135554-040.JPG
2026-05-23 21:13:49,151 [DEBUG   ]   Confirmed in anno_sharp — leaving in place: 20260131-135619-001.JPG
2026-05-23 21:13:49,152 [DEBUG   ]   Confirmed in anno_sharp — leaving in place: 20260131-135619-018.JPG
2026-05-23 21:13:49,152 [DEBUG   ]   Confirmed in anno_sharp — leaving in place: 20260131-135623-077.JPG
2026-05-23 21:13:49,153 [DEBUG   ]   Confirmed in anno_sharp — leaving in place: 20260131-135627-067.JPG
2026-05-23 21:13:49,153 [DEBUG   ]   Confirmed in anno_sharp — leaving in place: 20260131-135627-083.JPG
2026-05-23 21:13:49,154 [DEBUG   ]   Confirmed in anno_sharp — leaving in place: 20260131-135630-021.JPG
2026-05-23 21:13:49,154 [DEBUG   ]   Confirmed in anno_sharp — leaving in place: 20260131-135630-080.JPG
2026-05-23 21:13:49,155 [DEBUG   ]   Confirmed in anno_sharp — leaving in place: 20260131-135634-057.JPG
2026-05-23 21:13:49,155 [DEBUG   ]   Confirmed in anno_sharp — leaving in place: 20260131-135634-074.JPG
2026-05-23 21:13:49,156 [DEBUG   ]   Confirmed in anno_sharp — leaving in place: 20260131-135746-000.JPG
2026-05-23 21:13:49,156 [DEBUG   ]   Confirmed in anno_sharp — leaving in place: 20260131-135746-017.JPG
2026-05-23 21:13:49,157 [DEBUG   ]   Confirmed in anno_sharp — leaving in place: 20260131-140048-042.JPG
2026-05-23 21:13:49,158 [INFO    ]   Not confirmed in anno_sharp — moving to Blur: 20260131-140048-078.JPG
2026-05-23 21:13:49,162 [INFO    ]   Moved 20260131-140048-078.JPG                  → C:\Users\asing\OneDrive\5. ForShare\EFCB12ECRL\20260131 vs Highline FC\100EOSR6\Blur
2026-05-23 21:13:49,162 [DEBUG   ]   Confirmed in anno_sharp — leaving in place: 20260131-140050-023.JPG
2026-05-23 21:13:49,162 [DEBUG   ]   Confirmed in anno_sharp — leaving in place: 20260131-140056-064.JPG
2026-05-23 21:13:49,162 [DEBUG   ]   Confirmed in anno_sharp — leaving in place: 20260131-140056-081.JPG
2026-05-23 21:13:49,162 [INFO    ]   Not confirmed in anno_sharp — moving to Blur: 20260131-140056-096.JPG
2026-05-23 21:13:49,165 [INFO    ]   Moved 20260131-140056-096.JPG                  → C:\Users\asing\OneDrive\5. ForShare\EFCB12ECRL\20260131 vs Highline FC\100EOSR6\Blur
2026-05-23 21:13:49,167 [INFO    ]   Not confirmed in anno_sharp — moving to Blur: 20260131-140115-078.JPG
2026-05-23 21:13:49,169 [INFO    ]   Moved 20260131-140115-078.JPG                  → C:\Users\asing\OneDrive\5. ForShare\EFCB12ECRL\20260131 vs Highline FC\100EOSR6\Blur
2026-05-23 21:13:49,170 [INFO    ]   Not confirmed in anno_sharp — moving to Blur: 20260131-140115-094.JPG
2026-05-23 21:13:49,172 [INFO    ]   Moved 20260131-140115-094.JPG                  → C:\Users\asing\OneDrive\5. ForShare\EFCB12ECRL\20260131 vs Highline FC\100EOSR6\Blur
2026-05-23 21:13:49,172 [DEBUG   ]   Confirmed in anno_sharp — leaving in place: 20260131-140218-062.JPG
2026-05-23 21:13:49,175 [DEBUG   ]   Confirmed in anno_sharp — leaving in place: 20260131-140218-078.JPG
2026-05-23 21:13:49,176 [DEBUG   ]   Confirmed in anno_sharp — leaving in place: 20260131-140219-036.JPG
2026-05-23 21:13:49,176 [DEBUG   ]   Confirmed in anno_sharp — leaving in place: 20260131-140219-052.JPG
2026-05-23 21:13:49,177 [DEBUG   ]   Confirmed in anno_sharp — leaving in place: 20260131-140219-067.JPG
2026-05-23 21:13:49,178 [DEBUG   ]   Confirmed in anno_sharp — leaving in place: 20260131-140220-083.JPG
2026-05-23 21:13:49,178 [DEBUG   ]   Confirmed in anno_sharp — leaving in place: 20260131-140220-099.JPG
2026-05-23 21:13:49,179 [DEBUG   ]   Confirmed in anno_sharp — leaving in place: 20260131-140221-014.JPG
2026-05-23 21:13:49,179 [DEBUG   ]   Confirmed in anno_sharp — leaving in place: 20260131-140239-028.JPG
2026-05-23 21:13:49,180 [DEBUG   ]   Confirmed in anno_sharp — leaving in place: 20260131-140239-044.JPG
2026-05-23 21:13:49,180 [DEBUG   ]   Confirmed in anno_sharp — leaving in place: 20260131-140242-049.JPG
2026-05-23 21:13:49,181 [DEBUG   ]   Confirmed in anno_sharp — leaving in place: 20260131-140245-029.JPG
2026-05-23 21:13:49,182 [DEBUG   ]   Confirmed in anno_sharp — leaving in place: 20260131-140245-046.JPG
2026-05-23 21:13:49,182 [DEBUG   ]   Confirmed in anno_sharp — leaving in place: 20260131-140305-000.JPG
2026-05-23 21:13:49,182 [INFO    ]   Not confirmed in anno_sharp — moving to Blur: 20260131-140305-025.JPG
2026-05-23 21:13:49,185 [INFO    ]   Moved 20260131-140305-025.JPG                  → C:\Users\asing\OneDrive\5. ForShare\EFCB12ECRL\20260131 vs Highline FC\100EOSR6\Blur
2026-05-23 21:13:49,185 [DEBUG   ]   Confirmed in anno_sharp — leaving in place: 20260131-140306-054.JPG
2026-05-23 21:13:49,186 [DEBUG   ]   Confirmed in anno_sharp — leaving in place: 20260131-140306-070.JPG
2026-05-23 21:13:49,187 [INFO    ]   Not confirmed in anno_sharp — moving to Blur: 20260131-140310-016.JPG
2026-05-23 21:13:49,189 [INFO    ]   Moved 20260131-140310-016.JPG                  → C:\Users\asing\OneDrive\5. ForShare\EFCB12ECRL\20260131 vs Highline FC\100EOSR6\Blur
2026-05-23 21:13:49,190 [INFO    ]   Not confirmed in anno_sharp — moving to Blur: 20260131-140310-032.JPG
2026-05-23 21:13:49,191 [INFO    ]   Moved 20260131-140310-032.JPG                  → C:\Users\asing\OneDrive\5. ForShare\EFCB12ECRL\20260131 vs Highline FC\100EOSR6\Blur
2026-05-23 21:13:49,193 [INFO    ]   Not confirmed in anno_sharp — moving to Blur: 20260131-140330-090.JPG
2026-05-23 21:13:49,197 [INFO    ]   Moved 20260131-140330-090.JPG                  → C:\Users\asing\OneDrive\5. ForShare\EFCB12ECRL\20260131 vs Highline FC\100EOSR6\Blur
2026-05-23 21:13:49,197 [DEBUG   ]   Confirmed in anno_sharp — leaving in place: 20260131-140331-095.JPG
2026-05-23 21:13:49,198 [DEBUG   ]   Confirmed in anno_sharp — leaving in place: 20260131-140332-011.JPG
2026-05-23 21:13:49,198 [DEBUG   ]   Confirmed in anno_sharp — leaving in place: 20260131-140407-035.JPG
2026-05-23 21:13:49,199 [DEBUG   ]   Confirmed in anno_sharp — leaving in place: 20260131-140407-051.JPG
2026-05-23 21:13:49,199 [DEBUG   ]   Confirmed in anno_sharp — leaving in place: 20260131-140529-008.JPG
2026-05-23 21:13:49,200 [DEBUG   ]   Confirmed in anno_sharp — leaving in place: 20260131-140529-025.JPG
2026-05-23 21:13:49,200 [DEBUG   ]   Confirmed in anno_sharp — leaving in place: 20260131-140529-040.JPG
2026-05-23 21:13:49,200 [DEBUG   ]   Confirmed in anno_sharp — leaving in place: 20260131-140537-008.JPG
2026-05-23 21:13:49,200 [DEBUG   ]   Confirmed in anno_sharp — leaving in place: 20260131-140537-025.JPG
2026-05-23 21:13:49,200 [DEBUG   ]   Confirmed in anno_sharp — leaving in place: 20260131-140619-000.JPG
2026-05-23 21:13:49,200 [DEBUG   ]   Confirmed in anno_sharp — leaving in place: 20260131-140619-017.JPG
2026-05-23 21:13:49,200 [DEBUG   ]   Confirmed in anno_sharp — leaving in place: 20260131-140623-036.JPG
2026-05-23 21:13:49,200 [DEBUG   ]   Confirmed in anno_sharp — leaving in place: 20260131-140706-000.JPG
2026-05-23 21:13:49,200 [DEBUG   ]   Confirmed in anno_sharp — leaving in place: 20260131-140706-024.JPG
2026-05-23 21:13:49,205 [DEBUG   ]   Confirmed in anno_sharp — leaving in place: 20260131-140708-065.JPG
2026-05-23 21:13:49,205 [DEBUG   ]   Confirmed in anno_sharp — leaving in place: 20260131-140708-082.JPG
2026-05-23 21:13:49,206 [DEBUG   ]   Confirmed in anno_sharp — leaving in place: 20260131-140713-030.JPG
2026-05-23 21:13:49,207 [DEBUG   ]   Confirmed in anno_sharp — leaving in place: 20260131-140713-046.JPG
2026-05-23 21:13:49,207 [DEBUG   ]   Confirmed in anno_sharp — leaving in place: 20260131-140746-086.JPG
2026-05-23 21:13:49,208 [DEBUG   ]   Confirmed in anno_sharp — leaving in place: 20260131-140853-082.JPG
2026-05-23 21:13:49,208 [INFO    ]   Not confirmed in anno_sharp — moving to Blur: 20260131-140853-099.JPG
2026-05-23 21:13:49,212 [INFO    ]   Moved 20260131-140853-099.JPG                  → C:\Users\asing\OneDrive\5. ForShare\EFCB12ECRL\20260131 vs Highline FC\100EOSR6\Blur
2026-05-23 21:13:49,212 [INFO    ]   Not confirmed in anno_sharp — moving to Blur: 20260131-140854-079.JPG
2026-05-23 21:13:49,215 [INFO    ]   Moved 20260131-140854-079.JPG                  → C:\Users\asing\OneDrive\5. ForShare\EFCB12ECRL\20260131 vs Highline FC\100EOSR6\Blur
2026-05-23 21:13:49,216 [DEBUG   ]   Confirmed in anno_sharp — leaving in place: 20260131-140854-096.JPG
2026-05-23 21:13:49,216 [DEBUG   ]   Confirmed in anno_sharp — leaving in place: 20260131-140855-011.JPG
2026-05-23 21:13:49,217 [DEBUG   ]   Confirmed in anno_sharp — leaving in place: 20260131-140927-000.JPG
2026-05-23 21:13:49,217 [DEBUG   ]   Confirmed in anno_sharp — leaving in place: 20260131-140932-092.JPG
2026-05-23 21:13:49,218 [DEBUG   ]   Confirmed in anno_sharp — leaving in place: 20260131-140933-008.JPG
2026-05-23 21:13:49,219 [DEBUG   ]   Confirmed in anno_sharp — leaving in place: 20260131-140933-054.JPG
2026-05-23 21:13:49,220 [INFO    ]   Not confirmed in anno_sharp — moving to Blur: 20260131-140933-097.JPG
2026-05-23 21:13:49,220 [INFO    ]   Moved 20260131-140933-097.JPG                  → C:\Users\asing\OneDrive\5. ForShare\EFCB12ECRL\20260131 vs Highline FC\100EOSR6\Blur
2026-05-23 21:13:49,220 [INFO    ]   Not confirmed in anno_sharp — moving to Blur: 20260131-140939-032.JPG
2026-05-23 21:13:49,225 [INFO    ]   Moved 20260131-140939-032.JPG                  → C:\Users\asing\OneDrive\5. ForShare\EFCB12ECRL\20260131 vs Highline FC\100EOSR6\Blur
2026-05-23 21:13:49,226 [INFO    ]   Not confirmed in anno_sharp — moving to Blur: 20260131-140939-066.JPG
2026-05-23 21:13:49,229 [INFO    ]   Moved 20260131-140939-066.JPG                  → C:\Users\asing\OneDrive\5. ForShare\EFCB12ECRL\20260131 vs Highline FC\100EOSR6\Blur
2026-05-23 21:13:49,229 [DEBUG   ]   Confirmed in anno_sharp — leaving in place: 20260131-140952-045.JPG
2026-05-23 21:13:49,229 [DEBUG   ]   Confirmed in anno_sharp — leaving in place: 20260131-140954-099.JPG
2026-05-23 21:13:49,231 [DEBUG   ]   Confirmed in anno_sharp — leaving in place: 20260131-140955-015.JPG
2026-05-23 21:13:49,231 [DEBUG   ]   Confirmed in anno_sharp — leaving in place: 20260131-141023-074.JPG
2026-05-23 21:13:49,232 [DEBUG   ]   Confirmed in anno_sharp — leaving in place: 20260131-141023-090.JPG
2026-05-23 21:13:49,232 [DEBUG   ]   Confirmed in anno_sharp — leaving in place: 20260131-141027-020.JPG
2026-05-23 21:13:49,233 [DEBUG   ]   Confirmed in anno_sharp — leaving in place: 20260131-141039-011.JPG
2026-05-23 21:13:49,233 [DEBUG   ]   Confirmed in anno_sharp — leaving in place: 20260131-141039-027.JPG
2026-05-23 21:13:49,234 [DEBUG   ]   Confirmed in anno_sharp — leaving in place: 20260131-141040-027.JPG
2026-05-23 21:13:49,234 [DEBUG   ]   Confirmed in anno_sharp — leaving in place: 20260131-141041-016.JPG
2026-05-23 21:13:49,235 [DEBUG   ]   Confirmed in anno_sharp — leaving in place: 20260131-141041-032.JPG
2026-05-23 21:13:49,235 [DEBUG   ]   Confirmed in anno_sharp — leaving in place: 20260131-141041-063.JPG
2026-05-23 21:13:49,236 [DEBUG   ]   Confirmed in anno_sharp — leaving in place: 20260131-141112-072.JPG
2026-05-23 21:13:49,236 [DEBUG   ]   Confirmed in anno_sharp — leaving in place: 20260131-141112-088.JPG
2026-05-23 21:13:49,237 [DEBUG   ]   Confirmed in anno_sharp — leaving in place: 20260131-141132-058.JPG
2026-05-23 21:13:49,237 [DEBUG   ]   Confirmed in anno_sharp — leaving in place: 20260131-141132-074.JPG
2026-05-23 21:13:49,238 [DEBUG   ]   Confirmed in anno_sharp — leaving in place: 20260131-141133-000.JPG
2026-05-23 21:13:49,238 [DEBUG   ]   Confirmed in anno_sharp — leaving in place: 20260131-141133-017.JPG
2026-05-23 21:13:49,239 [DEBUG   ]   Confirmed in anno_sharp — leaving in place: 20260131-141156-068.JPG
2026-05-23 21:13:49,239 [DEBUG   ]   Confirmed in anno_sharp — leaving in place: 20260131-141156-084.JPG
2026-05-23 21:13:49,240 [DEBUG   ]   Confirmed in anno_sharp — leaving in place: 20260131-141156-099.JPG
2026-05-23 21:13:49,240 [DEBUG   ]   Confirmed in anno_sharp — leaving in place: 20260131-141157-014.JPG
2026-05-23 21:13:49,241 [DEBUG   ]   Confirmed in anno_sharp — leaving in place: 20260131-141206-040.JPG
2026-05-23 21:13:49,241 [DEBUG   ]   Confirmed in anno_sharp — leaving in place: 20260131-141208-097.JPG
2026-05-23 21:13:49,242 [DEBUG   ]   Confirmed in anno_sharp — leaving in place: 20260131-141209-013.JPG
2026-05-23 21:13:49,242 [DEBUG   ]   Confirmed in anno_sharp — leaving in place: 20260131-141211-055.JPG
2026-05-23 21:13:49,243 [DEBUG   ]   Confirmed in anno_sharp — leaving in place: 20260131-141211-071.JPG
2026-05-23 21:13:49,243 [DEBUG   ]   Confirmed in anno_sharp — leaving in place: 20260131-141211-086.JPG
2026-05-23 21:13:49,244 [DEBUG   ]   Confirmed in anno_sharp — leaving in place: 20260131-141213-017.JPG
2026-05-23 21:13:49,244 [DEBUG   ]   Confirmed in anno_sharp — leaving in place: 20260131-141213-033.JPG
2026-05-23 21:13:49,245 [DEBUG   ]   Confirmed in anno_sharp — leaving in place: 20260131-141216-092.JPG
2026-05-23 21:13:49,245 [DEBUG   ]   Confirmed in anno_sharp — leaving in place: 20260131-141307-000.JPG
2026-05-23 21:13:49,246 [DEBUG   ]   Confirmed in anno_sharp — leaving in place: 20260131-141316-094.JPG
2026-05-23 21:13:49,246 [DEBUG   ]   Confirmed in anno_sharp — leaving in place: 20260131-141408-000.JPG
2026-05-23 21:13:49,247 [DEBUG   ]   Confirmed in anno_sharp — leaving in place: 20260131-141459-000.JPG
2026-05-23 21:13:49,247 [DEBUG   ]   Confirmed in anno_sharp — leaving in place: 20260131-141459-017.JPG
2026-05-23 21:13:49,248 [DEBUG   ]   Confirmed in anno_sharp — leaving in place: 20260131-141459-078.JPG
2026-05-23 21:13:49,248 [DEBUG   ]   Confirmed in anno_sharp — leaving in place: 20260131-141459-094.JPG
2026-05-23 21:13:49,248 [DEBUG   ]   Confirmed in anno_sharp — leaving in place: 20260131-141647-057.JPG
2026-05-23 21:13:49,249 [DEBUG   ]   Confirmed in anno_sharp — leaving in place: 20260131-141647-074.JPG
2026-05-23 21:13:49,249 [DEBUG   ]   Confirmed in anno_sharp — leaving in place: 20260131-141743-000.JPG
2026-05-23 21:13:49,250 [DEBUG   ]   Confirmed in anno_sharp — leaving in place: 20260131-141743-016.JPG
2026-05-23 21:13:49,251 [DEBUG   ]   Confirmed in anno_sharp — leaving in place: 20260131-141753-022.JPG
2026-05-23 21:13:49,251 [DEBUG   ]   Confirmed in anno_sharp — leaving in place: 20260131-141753-038.JPG
2026-05-23 21:13:49,252 [INFO    ]   Not confirmed in anno_sharp — moving to Blur: 20260131-141806-078.JPG
2026-05-23 21:13:49,256 [INFO    ]   Moved 20260131-141806-078.JPG                  → C:\Users\asing\OneDrive\5. ForShare\EFCB12ECRL\20260131 vs Highline FC\100EOSR6\Blur
2026-05-23 21:13:49,256 [DEBUG   ]   Confirmed in anno_sharp — leaving in place: 20260131-141810-073.JPG
2026-05-23 21:13:49,257 [DEBUG   ]   Confirmed in anno_sharp — leaving in place: 20260131-141810-089.JPG
2026-05-23 21:13:49,257 [DEBUG   ]   Confirmed in anno_sharp — leaving in place: 20260131-141919-018.JPG
2026-05-23 21:13:49,258 [INFO    ]   Not confirmed in anno_sharp — moving to Blur: 20260131-141919-034.JPG
2026-05-23 21:13:49,261 [INFO    ]   Moved 20260131-141919-034.JPG                  → C:\Users\asing\OneDrive\5. ForShare\EFCB12ECRL\20260131 vs Highline FC\100EOSR6\Blur
2026-05-23 21:13:49,262 [INFO    ]   Not confirmed in anno_sharp — moving to Blur: 20260131-141919-050.JPG
2026-05-23 21:13:49,265 [INFO    ]   Moved 20260131-141919-050.JPG                  → C:\Users\asing\OneDrive\5. ForShare\EFCB12ECRL\20260131 vs Highline FC\100EOSR6\Blur
2026-05-23 21:13:49,265 [DEBUG   ]   Confirmed in anno_sharp — leaving in place: 20260131-141947-000.JPG
2026-05-23 21:13:49,265 [DEBUG   ]   Confirmed in anno_sharp — leaving in place: 20260131-141947-016.JPG
2026-05-23 21:13:49,265 [DEBUG   ]   Confirmed in anno_sharp — leaving in place: 20260131-141956-005.JPG
2026-05-23 21:13:49,267 [DEBUG   ]   Confirmed in anno_sharp — leaving in place: 20260131-141956-069.JPG
2026-05-23 21:13:49,267 [DEBUG   ]   Confirmed in anno_sharp — leaving in place: 20260131-141957-037.JPG
2026-05-23 21:13:49,267 [INFO    ] --- Anno_Skipped (0 file(s)) ---
2026-05-23 21:13:49,268 [INFO    ] Done — moved to Blur: 161  |  moved to Skipped: 0  |  left in place: 619  |  source not found: 0
